ufo_id,location
1740,"['I-10', ' Marker 174', ' NM', ' USA']"
1911,"['Fresno/Stockton (from', ' to Stockton)', ' CA', ' USA']"
1944,"['Ely (60 Miles south of', ' US Highway 93)', ' NV', ' USA']"
1959,"['Las Vegas (60-70 miles north-east of', ' Interstate 15 North)', ' NV', ' USA']"
1983,"['Coober Pedy', ' SA (Approx. 250km south of) (Australia)', ' SA', ' Australia']"
1995,"['Boiling Springs (outside of', ' traveling on highway)', ' PA', ' USA']"
2089,"['Aquaduct (near', ' over desert', ' before entering California)', ' CA', ' USA']"
2175,"['Albuquerque (over', ' from Tent Rocks)', ' NM', ' USA']"
2184,"['West Chester (outside', ' on Rte. 202)', ' PA', ' USA']"
2215,"['Jones/Jasper Co. line', ' Hwy.15N', ' MS', ' USA']"
2231,"['Caldwell (far west of', ' towards Oregon)', ' ID', ' USA']"
2266,"['Whitestone (Queens', ' over)', ' NY', ' USA']"
2270,"['Newark (south of', ' Garden State Pkwy.)', ' NJ', ' USA']"
2276,"['Beaumont (campsite', ' near Fulton)', ' MO', ' USA']"
2340,"['Redding (northeast of', ' out over Millville', ' approximately)', ' CA', ' USA']"
2353,"['Yakima (30 miles east of', ' on Highway 24)', ' WA', ' USA']"
2374,"['Mark Twain Lake', ' Monroe City', ' MO', ' USA']"
2415,"['Sunnyside (Granger', ' on Hwy 82)', ' WA', ' USA']"
2496,"['Granite City (5min.from St.Louis', ' MO.)', ' IL', ' USA']"
2525,"['Phoenix (ouside of', ' at Lake Pleasant)', ' AZ', ' USA']"
2547,"['Carrollton (6 miles west of', ' on Garrett Circle)', ' GA', ' USA']"
2598,"['North Delta Municipality', ' B.C. (Canada)', ' BC', ' Canada']"
2599,"['Detroit/Warm Springs (between', ' Cascade Mts.)', ' OR', ' USA']"
2648,"['Sedro Woolley (So. of', ' high in sky)', ' WA', ' USA']"
2734,"['Washington', ' D.C.', ' DC', ' USA']"
2738,"['Austin/Eureka (between', ' Hwy. 50)', ' NV', ' USA']"
2839,"['Newport (coast range', ' east of)', ' OR', ' USA']"
2966,"['Kent (Auburn', ' Over S. King Co. Valley)', ' WA', ' USA']"
2976,"['MM82/MM83 (between', ' on I-80)', ' PA', ' USA']"
3030,"['Farmington (SE of', ' deserted area', ' Hwy 44)', ' NM', ' USA']"
3064,"['Highway 71 between Clearmont', ' Missouri and Maryville', ' Missou', ' MO', ' USA']"
3071,"['I-64 (MM 94', ' westbound)', ' IN', ' USA']"
3078,"['St. Thomas', ' (U. S. Virgin Islands)', ' VI', ' USA']"
3106,"['Westport (about 10 miles North of', ' US Hwy.1)', ' CA', ' USA']"
3123,"['Sharon (to Brookfield', ' OH)', ' PA', ' USA']"
3131,"['Northeast Cape AFS', ' St Lawrence Island', ' AK', ' USA']"
3138,"['California Valley (cattle country', ' not too distant airbase)', ' CA', ' USA']"
3141,"['Garfield', ' (VIC', ' Australia)', ' Australia']"
3149,"['Pacific Northwest - flying from Portland to L.A.', ' Ca/Or', ' CA', ' USA']"
3269,"['Atlanta (however', ' I have heard entire East Coast)', ' GA', ' USA']"
3395,"['St. Cloud (south of', ' over Lake Tohopekilagia)', ' FL', ' USA']"
3423,"['Stouthill (community', ' nearest city 30 miles', ' TN)', ' TN', ' USA']"
3427,"['Satellite Point (near', ' midway between Orlando & Boca)', ' FL', ' USA']"
3439,"['1-25 corridor (southbound', ' 65 miles north NM border)', ' CO', ' USA']"
3447,"[""Pete's Hole (near"", ' a small lake in the Manti LaSal forest)', ' UT', ' USA']"
3472,"['Melbourne (looking in the SE sky', ' perhaps over Bahama)', ' FL', ' USA']"
3555,"['Flisa', ' Solør', ' Hedemark (Norway)', ' Norway']"
3586,"['Unidentified object sig', ' (VIC', ' Australia)', ' Australia']"
3904,"['Los Angeles (Hollywood Hills', ' north of)', ' CA', ' USA']"
3914,"['Sheridan (10 miles South of', ' at the Sheridan Pipeline)', ' WY', ' USA']"
3918,"['Edmonton (30 mi. east of', ' Hwy 16 East) (Canada)', ' AB', ' Canada']"
3928,"['Anson (just east of', ' on Hwy 180)', ' TX', ' USA']"
3929,"['Gridley (10 miles N of', ' and 20 miles SE Chico)', ' CA', ' USA']"
3964,"['Bayfield (near', ' Lake Superior', ' south shore)', ' WI', ' USA']"
3970,"['Highway 25 (Bronte Rd', ' w of', ' between Britannia Rd.) (Canada)', ' ON', ' Canada']"
4014,"['Milwaukee (80 Miles NW of', ' 6000ft MSL)', ' WI', ' USA']"
4021,"['Emporia/Topeka (between', ' on I-35)', ' KS', ' USA']"
4046,"['Mt. Rainier north side', ' near Cateract Valley', ' WA', ' USA']"
4052,"['Longmont (approx 8 miles south of', ' CO-I25 interchg)', ' CO', ' USA']"
4067,"['Sparta (12 mi.north of', ' countryside)', ' NC', ' USA']"
4068,"['Atlanta (north of', ' Highway 85)', ' GA', ' USA']"
4087,"['Grand Mound (2 miles west of', ' on Highway 30)', ' IA', ' USA']"
4128,"['Sitka (North of', ' St. John Bay)', ' AK', ' USA']"
4158,"['Belgrade (outside', ' Dry CreekRoad)', ' MT', ' USA']"
4207,"['Round Lake Beach', ' Illinois', ' IL', ' USA']"
4212,"['Moab (near', ' in Arches National Park)', ' UT', ' USA']"
4218,"['Burien (looking SW', ' three tree point to Vashon Island)', ' WA', ' USA']"
4233,"['Hwy 30', ' heading west', ' PA', ' USA']"
4267,"['Tinley Park/I-57 (Between', ' on I 80)', ' IL', ' USA']"
4272,"['Cleveland (Massilon Rd.', ' Montrose area)', ' OH', ' USA']"
4285,"['Tukwila (Viewed from', ' looking east)', ' WA', ' USA']"
4287,"['Tucson (due N', ' low  below an a/c)', ' AZ', ' USA']"
4295,"['Cascade Range (central', ' near north sister)', ' OR', ' USA']"
4297,"['Jacksonville (I-10', ' 10 Milemarker 235', ' Heading E)', ' FL', ' USA']"
4298,"['Jacksonville (I-10 Milemarker 238', ' heading E)', ' FL', ' USA']"
4300,"['Jacksonville (Interstate 10', ' heading E)', ' FL', ' USA']"
4314,"['Tulare (close to', ' on I-5)', ' CA', ' USA']"
4330,"['Washington', ' D.C. (Capitol Hill)', ' DC', ' USA']"
4384,"['Las Cruces (on Interstate 10', ' west of)', ' NM', ' USA']"
4414,"['Dayton (Sutro hills area', ' NE)', ' NV', ' USA']"
4420,"['Vancouver (western sky over)', ' moving north to south.', ' WA', ' USA']"
4453,"['Harrisburg (south of', ' on I-83 between Exits 11 & 10)', ' PA', ' USA']"
4479,"['Johnson Creek (Near; on I-94 east', ' heading toward Milwaukee)', ' WI', ' USA']"
4518,"['Goat Island/Isle of Palm (between', ' Intracoastal Waterway)', ' SC', ' USA']"
4519,"['Goat Island/Isle of Palm (between', ' Intracoastal Waterway)', ' SC', ' USA']"
4524,"['Arecibo (just S of', ' Rural central PR)', ' PR', ' USA']"
4527,"['Los Angeles (over I-10', ' on most rural Bayou stretch)', ' CA', ' USA']"
4629,"['Bailey/Fairplay (between', ' off Hy 285)', ' CO', ' USA']"
4677,"['Oxnard/Camarillo (from', ' freeway)', ' CA', ' USA']"
4688,"['I-405 North-bound', ' between 124th and 160th', ' WA', ' USA']"
4689,"['Spokane (About 30 miles SW of', ' I-90', ' maybe MM 254)', ' WA', ' USA']"
4701,"['Chihuahua Mts (north of', ' mexican border)', ' NM', ' USA']"
4729,"['Richlands (4 mi. south of', ' Short Mountain', ' Tazewell Co.)', ' VA', ' USA']"
4736,"['Interstate 80 (westbound', ' location unknown)', ' OH', ' USA']"
4772,"['Spokane (I-90 from mile 238 eastbound', ' over)', ' WA', ' USA']"
4779,"['Duluth (around', ' Lawrenceville exit area)', ' GA', ' USA']"
4790,"['Vass (Town of', ' on hwy #1)', ' NC', ' USA']"
4792,"['Fullerton (from', ' spotted 20 deg. aboveW horizon)', ' CA', ' USA']"
4800,"['Wadley', ' San Luis Potosi', ' SLP (In the desert near) (Mexico)', ' Mexico']"
4977,"['Helena (north of', ' on highway 49)', ' AR', ' USA']"
5049,"['Chesterfield', ' Derbyshire', ' England', ' United Kingdom']"
5055,"['Colorado Springs (south of', ' on Hwy 115 near the co. line)', ' CO', ' USA']"
5084,"['I-90 (westbound', ' just before the mountains)', ' WA', ' USA']"
5088,"['Melbourne (VIC', ' Australia)', ' VI', ' Australia']"
5147,"['Redmond (Due east of', ' beyond Issaquah', ' near mtns.)', ' WA', ' USA']"
5160,"['Reno (30 miles due east of', ' in California)', ' CA', ' USA']"
5279,"['Atlanta (E of', ' near the LA border)', ' TX', ' USA']"
5290,"['Bejuma', ' Edo. Carabobo', ' Caracas (Venezuela)', ' Venezuela']"
5296,"['Paramus (Route 4', ' eastbound lane)', ' NJ', ' USA']"
5345,"['Sierra/Plumas Counties (between', ' while camping)', ' CA', ' USA']"
5374,"['Carlinville (from', ' until almost Carrollton)', ' IL', ' USA']"
5380,"['Clovis (on Herndon Ave', ' between Maine & Locan Avenues)', ' CA', ' USA']"
5395,"['Pequop Pass (180', ' east bound starting up pass)', ' NV', ' USA']"
5432,"['Maricopa (4 miles west of', ' on Hwy 166)', ' CA', ' USA']"
5457,"['Hudson Valley', ' NY/Danbury', ' CT (near Taconic Parkway)', ' CT', ' USA']"
5540,"['Marysville/Beale A', ' F.B.', ' CA', ' USA']"
5544,"['Seattle (south', ' 8600 block E Marginal Way South)', ' WA', ' USA']"
5569,"['Conway (I-40 north of', ' mile marker 120)', ' AR', ' USA']"
5591,"['Central U.S. (enroute', ' in-flight)', ' ND', ' USA']"
5641,"['St. Charles (1.5 mi north of', ' Randall Road)', ' IL', ' USA']"
5649,"['Lincoln (approx 3 miles east of', ' on Hwy 193)', ' CA', ' USA']"
5665,"['Point Marion (near', ' 60 miles south of Pittsburgh)', ' PA', ' USA']"
5712,"['Johnson City (over', ' northern sky)', ' NY', ' USA']"
5743,"['Blithe (around; about 15 mins after', ' heading to LA)', ' CA', ' USA']"
5764,"['Bishop (towards', ' on Route 395 North)', ' CA', ' USA']"
5767,"['Barstow (aprox 35 mi west of', ' Mojave desert)', ' CA', ' USA']"
5793,"['Spokane (14 Miles North of)', ' Deer Park (1/2 mile south of)', ' WA', ' USA']"
5822,"['Chowchilla (south of', ' Madera County)', ' CA', ' USA']"
6097,"['Gila Bend (G.B.AUXILLARY FIELD', ' )', ' AZ', ' USA']"
6112,"['Mumbai', ' MAH (India)', ' MB', ' India']"
6126,"['Encinitas: along I-5', ' from encinitas to oceanside over ocean', ' CA', ' USA']"
6133,"['Interstate 40', ' East Bound', ' NC', ' USA']"
6176,"['Washington', ' D.C.', ' DC', ' USA']"
6179,"['Ward (northeast of', ' on Hwy. 67/167MM 25)', ' AR', ' USA']"
6277,"['Carson (the city of', ' near L.A. Airport)', ' CA', ' USA']"
7044,"['Parkersburg (just outside of', ' on route 50 east)', ' WV', ' USA']"
7136,"['Chicago (about 50 miles south of', ' I-55 south)', ' IL', ' USA']"
7575,"['Brighton (E. of', ' N. of South Lyon', ' MI)', ' MI', ' USA']"
7631,"['Tucson (28 miles north of', ' 233 MM I-10)', ' AZ', ' USA']"
7659,"['Orange (W/B SR-22', ' Garden Grove Fwy', ' @ Main St.)', ' CA', ' USA']"
7667,"['Lake Henshaw/La Jolla Indian Res. (between', ' Hwy. 76)', ' CA', ' USA']"
7718,"['Yuma (desert', ' on Olgiby Rd.', ' 16 mi. ne. of  Yuma)', ' AZ', ' USA']"
7731,"['Vantage (Eof', ' across Columbia River)', ' WA', ' USA']"
7742,"['VLA Radio Telescope (near', ' Hwy. 60)', ' NM', ' USA']"
7749,"['Grantsville', ' W.V.', ' WV', ' USA']"
7760,"['Wilshire (405 Freeway', ' Northbound to)', ' CA', ' USA']"
7769,"['Snohomish Co. (Mountainous area', ' camping)', ' WA', ' USA']"
7776,"['America West flt 2620 (Phoenix-Oakland', ' NV-CA)', ' CA', ' USA']"
7788,"['Madera (17 mi. e. of', ' near Hensley Lake)', ' CA', ' USA']"
7872,"['Des Moines (east of', ' 152 mm on I-80)', ' IA', ' USA']"
7901,"['Santa Margarita/Atascadero (between', ' Hwy 101)', ' CA', ' USA']"
7929,"['West Coast', "" alt. apx 30' k"", ' northerly flight', ' CA', ' USA']"
7940,"['Interstate 10', ' somewhere by the border', ' CA', ' USA']"
7967,"['Golden (I-70 E', ' by exit for)', ' CO', ' USA']"
7990,"['Johnson Park', ' NE CA.', ' Shasta Co.', ' calif', ' CA', ' USA']"
8090,"['Lincoln City/Newport (between', ' Otter Crest)', ' OR', ' USA']"
8107,"['Butte (Approx 40 miles S. of', ' on NB Interstate 15)', ' MT', ' USA']"
8115,"['Spranger (near', ' 5 mi. east of Interstate 25)', ' CO', ' USA']"
8129,"['Spring Valley (Viewed from', ' San Diego Co.)', ' CA', ' USA']"
8216,"['Laughlin (into Bullhead City', ' AZ)', ' AZ', ' USA']"
8313,"['Jasper  (5 miles S.E. from Springfield', ' OR)', ' OR', ' USA']"
8445,"['Battle Creek (Three Rivers event', ' near event 1)', ' MI', ' USA']"
8463,"['Columbus (north of', ' at the 160mile post)', ' OH', ' USA']"
8480,"['Tracy (Gravel or construction area', ' dead end road)', ' CA', ' USA']"
8508,"['Pennsylvania (30', ' 000 ft. above on coast)', ' PA', ' USA']"
8519,"['Ferndale (near', ' countryside)', ' WA', ' USA']"
8547,"['Trona (near', ' SR-395)', ' CA', ' USA']"
8554,"['Alamosa (east of', ' on Hwy 160)', ' CO', ' USA']"
8572,"['Paddock Lake (rural area', ' approx. 4mi. north)', ' WI', ' USA']"
8654,"['Washington', ' D.C.', ' DC', ' USA']"
8663,"['Bishop (south of', ' Hwy 395)', ' CA', ' USA']"
8740,"['Rochester (3 miles east of', ' Hwy 12 W)', ' WA', ' USA']"
8769,"['Renton (NE of', ' approx. 5 miles)', ' WA', ' USA']"
8775,"['Virginia (while driving on I-95;  2 hrs S of Wash.', ' D.C.)', ' VA', ' USA']"
8818,"['Merritt Island Wildlife Refuge (Kennedy Space Center)', ' Flori', ' FL', ' USA']"
8834,"['Crisp Point (on Lake Superior', ' 25 mi. NW of Paradise)', ' MI', ' USA']"
8866,"['Camp Ripley (rural', ' just west of)', ' MN', ' USA']"
9450,"['Chicago (xxxx W 55 St.', ' by Midway Airport)', ' IL', ' USA']"
9457,"['Interstate between C. Girardeau', ' MO & Cairo', ' IL', ' MO', ' USA']"
9517,"['Northern California (16', ' 500 ft over Sierra Mountains)', ' CA', ' USA']"
9523,"['Gila Bend (20 miles east of', ' on I-8)', ' AZ', ' USA']"
9581,"['Sector el Brujo', ' Cabo Rojo (Puerto Rico)', ' PR', ' USA']"
9585,"['Ocoee', ' FL but reported on radio as far south as Lake Wales', ' FL', ' USA']"
9588,"['Poinciana', ' Lake Wales', ' Lake Helen', ' Kissimmee', ' FL', ' USA']"
9594,"['Colorado Springs (north of', ' on I-25)', ' CO', ' USA']"
9602,"['Kingman (About 20 miles', ' NW of o the w of hyw 93)', ' AZ', ' USA']"
9608,"['Lake Trinity (Aprox. 30 miles north of Redding', ' CA)', ' CA', ' USA']"
9628,"['Grand View (near', ' remote location in N. Wisconsin)', ' WI', ' USA']"
9649,"['Medicine Bow National Mountains', ' Medicine Bow National Fores', ' WY', ' USA']"
9659,"['Raquette Lake', ' adirondack mts.', ' NY', ' USA']"
9686,"['Seattle (1-90', ' between Mercer Island and Seattle)', ' WA', ' USA']"
9753,"['Northern California Coast (in', ' highway)', ' CA', ' USA']"
9770,"['Navajo (15 miles west of', ' on I-40 Eastbound)', ' AZ', ' USA']"
9780,"['Dayton', ' Trotwood', ' West Carrollton', ' OH', ' USA']"
9788,"['Savoonga', ' St. Lawrence Island', ' AK', ' USA']"
9861,"['Columbia Station (heading west', ' past Grafton)', ' OH', ' USA']"
9891,"['Marksville (Spring Bayou', ' 1st landing)', ' LA', ' USA']"
9895,"['I-80 (eastbound', ' M.M. 48)', ' UT', ' USA']"
9917,"['Calumet City (just south of chicago', ' ill)', ' ill', ' IL', ' USA']"
10000,"['Austin/Eureka (between', ' U.S.hiway 50)', ' NV', ' USA']"
10150,"['Ozark National Forest (near Spring Lake', ' aprx.5 miles to N)', ' AR', ' USA']"
10168,"['Wilsonville (exit', ' I-5', ' 1 mile N of)', ' OR', ' USA']"
10191,"['Upper Sandusky (on Rt.30', ' west of)', ' OH', ' USA']"
10211,"['Los Angeles/Atlanta (between', ' not sure where)', ' GA', ' USA']"
10239,"['Minnesota (central', ' rural)', ' MN', ' USA']"
10265,"['Atlanta (south side of', ' Forest Park)', ' GA', ' USA']"
10278,"['Shortsville-Manchester', ' n.y. (Canada)', ' ON', ' Canada']"
10290,"['Winnemucca/Lovelock (between', ' on Hwy. 95)', ' NV', ' USA']"
10293,"['Louisville (90 minutes out of', ' Camp Crooked Creek)', ' KY', ' USA']"
10335,"['Tigard (12 mi so of Portland', ' Exit 290 I 5)', ' OR', ' USA']"
10349,"['Pittsburgh (Mckees Rocks', ' southwest of)', ' PA', ' USA']"
10399,"['Florien/Hornbeck (between', ' Hwy 191)', ' LA', ' USA']"
10404,"['Cleveland (Newton', ' Silver Creek)', ' WI', ' USA']"
10448,"['Springfield (14 mi. S of', ' near Highlandville)', ' MO', ' USA']"
10466,"['Live Oak/Pensacola ( between', ' on Hwy10)', ' FL', ' USA']"
10550,"['Mexico', ' Distrito Federal', ' D.F. (Mexico)', ' Mexico']"
10646,"['Pueblo/Colorado Springs (between', ' I-25)', ' CO', ' USA']"
10793,"['New Philidelphia (South of', ' I-77 NB near MM77 )', ' OH', ' USA']"
10810,"['Rancho Cordova', ' just east/southeast of Sacramento', ' 2 miles f', ' CA', ' USA']"
10905,"['Detroit (or Windsor', ' ONT)', ' MI', ' USA']"
10921,"['Howell (5 mi. N of', ' on a dark country road)', ' MI', ' USA']"
10923,"['Nashville (on I-24', ' 60 mi. southeast of)', ' TN', ' USA']"
10942,"['Bishop (remote', ' High Sierras', ' above)', ' CA', ' USA']"
11038,"['Ohio (I-71', ' Mile Marker 75)', ' OH', ' USA']"
11044,"['El Centro (50 miles west of', ' on Hwy 8)', ' CA', ' USA']"
11052,"['Lowell (outside of', ' on I-65 northbound)', ' IN', ' USA']"
11067,"['New York City/Philadelphia (between', ' on aircraft)', ' NY', ' USA']"
11068,"['New York/Philadelphia (between', ' on aircraft)', ' NY', ' USA']"
11089,"['Sprague/Ritzville (between', ' I-90)', ' WA', ' USA']"
11108,"['Fairbanks', ' Trans Alaskan Pipeline haul road 250 mi N of', ' AK', ' USA']"
11115,"['Detroit (north of', ' driving east on I-696)', ' MI', ' USA']"
11155,"['Atlanta (going northwest toward', ' highway 316)', ' GA', ' USA']"
11207,"['Birmingham (Wisteria Dr.', ' .5 mi down)', ' AL', ' USA']"
11254,"['Dallas /Ft. Worth area', ' South of the', ' TX', ' USA']"
11296,"['Jay Co. into Wells Co. (550w', ' extending from)', ' IN', ' USA']"
11381,"['Columbia (east of', ' near Little Dixie Conservation Area)', ' MO', ' USA']"
11383,"['Marshall Creek (Rte. 209', ' west 1 mile of  Marshall Cr. jxn.)', ' PA', ' USA']"
11418,"['Woodville (from', ' to Weeksville (approx. 16 mi.))', ' NC', ' USA']"
11420,"['Pocasset (6 miles south of', ' on Hwy 81)', ' OK', ' USA']"
11474,"['Cupey (San Juan', ' Puerto Rico)', ' PR', ' USA']"
11499,"['Moses Lake (West of', ' I-90)', ' WA', ' USA']"
11505,"['Kenora (sw of', ' 16 mi. on Lake of the Woods) (Canada)', ' ON', ' Canada']"
11542,"['Mallets Bay (in Colchester', ' Rte. 127)', ' VT', ' USA']"
11577,"['Keys/Ceres (between', ' right over Hyw 99)', ' CA', ' USA']"
11578,"['Summerfield', ' (approx.1/2 mile west of)', ' IL', ' USA']"
11584,"['Hawkinsville (3 miles north', ' 100 miles south Atlanta)', ' GA', ' USA']"
11594,"['Washington', ' D.C.', ' DC', ' USA']"
11624,"['Darwin (NT', ' Australia)', ' NT', ' Australia']"
11637,"['Rome (Vatican Square', ' Vatican City', ' on CNN live telecast)', ' Italy']"
11642,"['Mt Roskill', ' Auckland', ' North Island (New Zealand)', ' New Zealand']"
11673,"['Deming (I-10 NEAR', ' RT 11)', ' NM', ' USA']"
11684,"['Rock Spings', ' 2miles west of', ' WY', ' USA']"
11690,"['Fulton (N.of Fulton', ' 1/4 mile from HWY 54.)', ' MO', ' USA']"
11703,"['Charlesbourg (XXèm Rue ouest', ' Québec)', ' CA', ' USA']"
11756,"['Hagerstown (sww of', ' on I81', ' Intersect.I70 & I81)', ' MD', ' USA']"
11776,"['Becker (approx. 5 miles W of', ' on Hwy 10 towards St. Cloud)', ' MN', ' USA']"
11782,"['Oak Brook Terrace', ' Dorathy Drennon Park in', ' IL', ' USA']"
11844,"['West Virginia (Interstate 81', ' near PA border)', ' WV', ' USA']"
11849,"['Gorman (15 miles north of', ' I-5)', ' CA', ' USA']"
11874,"['Kincheloe Air Force Base', ' Michigan', ' MI', ' USA']"
11900,"['Blyth (1hr outside of', ' before Tonopah', ' NV)', ' AZ', ' USA']"
11933,"['Avon Park (N of', ' to as far S of L. Placid)', ' FL', ' USA']"
11944,"['Eastern border (West of', ' on I-70)', ' UT', ' USA']"
11946,"['Prescott (National Forest)', ' 40 miles north-west of', ' AZ', ' USA']"
12116,"['Tallahassee (Williams and St. Joe Sts.', ' )', ' FL', ' USA']"
12198,"['Washington', ' D.C.', ' DC', ' USA']"
12244,"['Miami (2 hrs. out of', ' on I-95', ' Milemarker 117)', ' FL', ' USA']"
12281,"['Columbus (20 miles north of', ' RT 71 southbound)', ' OH', ' USA']"
12288,"['Vancouver Island (over', ' viewed by me and others) (Canada)', ' BC', ' Canada']"
12390,"['Gold Bar/Index (near', ' F S 62 off HWY 2)', ' WA', ' USA']"
12396,"['Pasadena (I-5', ' desert', ' north of; south of Gorman)', ' CA', ' USA']"
12432,"['Bodmin Moor', ' Caradon Hill', ' Cornwall (UK/England)', ' United Kingdom']"
12484,"['Phoenix (south of', ' I-10', ' milepost 184)', ' AZ', ' USA']"
12521,"['Carnation (on Tolt River', ' Cascade Mts.)', ' WA', ' USA']"
12541,"['Seagoville (City of', ' and Dallas City)', ' TX', ' USA']"
12559,"['Des Moines--4 blocks east of the Marina', ' Wash', ' WA', ' USA']"
12584,"['Garrafon', ' Isla Mujeres', ' Yucatan (Light House) (Mexico)', ' Mexico']"
12618,"['Austin/Eureka (near', ' on US Hiway 50)', ' NV', ' USA']"
12635,"['Everglades (I-75', ' MM 60)', ' FL', ' USA']"
12708,"['Palmetto (just east of', ' off I-85)', ' GA', ' USA']"
13147,"['Neb.-Mo. Line (near', ' I-29 southbound)', ' MO', ' USA']"
13314,"['Thermal (near', ' Torres Martinez Indian Reservation)', ' CA', ' USA']"
13500,"['Kingman (desert', ' out of)', ' AZ', ' USA']"
13673,"['Grand Canyon', ' North Rim', ' AZ', ' USA']"
13684,"['Providence (On the coastline', ' SSW of)', ' RI', ' USA']"
13739,"['Perry (rural highway', ' S.R.22)', ' OH', ' USA']"
14332,"['Washington', ' D.C.', ' DC', ' USA']"
14758,"['Greenlee County (FireRoad 475', ' off highway 191)', ' AZ', ' USA']"
14870,"['Washington', ' D.C.', ' DC', ' USA']"
14874,"['Washington', ' D.C.', ' DC', ' USA']"
14949,"['Washington', ' D.C.', ' DC', ' USA']"
15517,"['Banff National Park (Alberta', ' Canada)', ' AB', ' Canada']"
16447,"['Mt. Pleasant/Texarkana (Between', ' on I30)', ' TX', ' USA']"
16472,"['Selinsgrove/Williamsport (between', ' on Route 15)', ' PA', ' USA']"
16526,"['Darwin (NT', ' Australia)', ' NT', ' Australia']"
16840,"['New Minas (Kings County', ' XX Pine Ridge Drive) (Canada)', ' NS', ' Canada']"
17007,"['Bozeman (I-90 west', ' 20-30 miles before)', ' MT', ' USA']"
17240,"['Cincy (near', ' rural Ohio)', ' OH', ' USA']"
17251,"['Middlefield (on county line', ' Geauga/Trumbull Counties)', ' OH', ' USA']"
17610,"['Washington', ' D.C.', ' DC', ' USA']"
17626,"['Lansing (just west of', ' on I-96 heading west)', ' MI', ' USA']"
17708,"['Washington', ' D.C.', ' DC', ' USA']"
17890,"['Pudsey', ' Leeds', ' West Yorks (UK/England)', ' United Kingdom']"
18499,"['Binghamton (south of', ' 81 South', ' near PA border)', ' NY', ' USA']"
18509,"['Onawa (Near', ' on I-29)', ' IA', ' USA']"
18553,"['Osceola (Town of', ' near Long Lake)', ' WI', ' USA']"
18554,"['Osceola (Town of', ' near Long Lake)', ' WI', ' USA']"
18596,"['Washington', ' D.C.', ' DC', ' USA']"
18602,"['Washington', ' D.C.', ' DC', ' USA']"
18623,"['Orlando (State Rt. 474', ' W. of)', ' FL', ' USA']"
18911,"['Philadelphia (suburbs of', ' Hwy/Rt. 476)', ' PA', ' USA']"
19663,"['Junction (10 min W. of', ' on I-10)', ' TX', ' USA']"
20049,"['San Bernardino Co. (I-15', ' Oak Hill Road Exit)', ' CA', ' USA']"
20392,"['Franconia Notch (I-93', ' southbound)', ' NH', ' USA']"
20572,"['New Leake', ' Boson', ' Lincolnshire (UK/England)', ' United Kingdom']"
20834,"['Washington', ' D.C.', ' DC', ' USA']"
21747,"['Heber Springs', ' Greers Ferry Lake', ' AR', ' USA']"
21818,"['SE Oregon', ' NW Nevada or NE California border.', ' OR', ' USA']"
22148,"['Cobo Bay (UK', ' Channel Islands', ' Guernsey)', ' United Kingdom']"
22789,"['Hamilton to Winnipeg (at 28', ' 000 ft. Enroute from) (Canada)', ' ON', ' Canada']"
23170,"['Washington', ' D.C.', ' DC', ' USA']"
23180,"['Washington', ' D.C.', ' DC', ' USA']"
23545,"['San Bernadino Mtns', ' Church Camp', ' CA', ' USA']"
23734,"['Fresno (Merced', ' more than one)', ' CA', ' USA']"
23830,"['John Day (Clyde Holliday Camp Ground', ' 7 miles west of)', ' OR', ' USA']"
23912,"['Washington', ' D.C.', ' DC', ' USA']"
23965,"['Washington', ' D.C.', ' DC', ' USA']"
24009,"['Washington', ' D.C.', ' DC', ' USA']"
24011,"['Washington', ' D.C.', ' DC', ' USA']"
24140,"['Grand Canyon (unsure', ' on route 66 heading to the)', ' AZ', ' USA']"
24177,"['Washington', ' D.C. (Roosevelt Island Area)', ' DC', ' USA']"
24246,"['Greenfield (Rural area', ' 6 miles so.)', ' IN', ' USA']"
24371,"['Verl', ' Paderborn', ' Kaunitz (Germany)', ' Germany']"
24446,"['Atlantic Ocean (between Nassau', ' Bahamas', ' and Florida)', ' FL', ' Bahamas/USA']"
24513,"['Washington', ' D.C.', ' DC', ' USA']"
24678,"['Bakersfield (1-30', ' North of)', ' CA', ' USA']"
24726,"['Coalinga (near', ' on south I-5)', ' CA', ' USA']"
24958,"['Washington', ' D.C. (Georgetown)', ' DC', ' USA']"
25605,"['Darwin (NT', ' Australia)', ' NT', ' Australia']"
25751,"['Raton/Pueblo (between', ' enroute)', ' CO', ' USA']"
26047,"['Cabot Strait (near Dingwall', ' on fishing boat) (Canada)', ' NS', ' Canada']"
26063,"['El Paso (over Juarez', ' Mexico)', ' TX', ' USA']"
26221,"['Washington', ' D.C.', ' DC', ' USA']"
26433,"['St. Marys', ' Ontario (Canada)', ' ON', ' Canada']"
26509,"['Washington', ' D.C.', ' DC', ' USA']"
27066,"['Washington', ' D.C.', ' DC', ' USA']"
27321,"['Washington', ' D.C.', ' DC', ' USA']"
27352,"['Safford (Outside of', ' Mt. Graham)', ' AZ', ' USA']"
27459,"['North Carolina (Rte 85 South', ' Exit 74)', ' NC', ' USA']"
27542,"['Siler City (past', ' on 421)', ' NC', ' USA']"
27767,"['Ellensburg (? on a pass just pass', ' just east of)', ' WA', ' USA']"
28135,"['Thunderbay', ' Ontario (Canada)', ' ON', ' Canada']"
28165,"['Hazelton', ' B.C. (17 Km north) (Canada)', ' BC', ' Canada']"
28202,"['Monore (near)', ' on Interstate 75 North Bound', ' MI', ' USA']"
28400,"['Regina', ' Saskatchewan (Canada)', ' SK', ' Canada']"
28840,"['Zhenhai', ' Ningbo', ' Zhejiang (China)', ' China']"
29076,"['Northland', ' (remote countryside', ' East Coast)', ' New Zealand']"
29467,"['Phoenix (north on 85', ' towards)', ' AZ', ' USA']"
30311,"['Washington', ' D.C.', ' DC', ' USA']"
30359,"['Restoule Provincial Park (Ontario', ' Canada)', ' ON', ' Canada']"
30413,"['Dardanelle (2 mi. from Logan', ' on Hwy. 22)', ' AR', ' USA']"
30528,"['Seattle (south of', ' in Normandy Park)', ' WA', ' USA']"
30588,"['Barboursville (area', ' rural)', ' WV', ' USA']"
30705,"['Fresno (near', ' I-5)', ' CA', ' USA']"
30903,"['Exeter (south-east of', ' on golf course) (Canada)', ' ON', ' Canada']"
31621,"['Columbus (near', ' at Fort Benning)', ' GA', ' USA']"
31664,"['Kingman (north of', ' Mt. Tipton Area)', ' AZ', ' USA']"
31779,"['Oldham', ' GTR', ' Manchester (UK/England)', ' United Kingdom']"
32025,"['Ootischenia', ' Castlegar (Canada)', ' BC', ' Canada']"
32229,"['Nebraska (above?', ' or above South Dakota)', ' NE', ' USA']"
32579,"['Washington', ' D.C.', ' DC', ' USA']"
32667,"['Lufkin (general area', ' east Texas)', ' TX', ' USA']"
32758,"['Washington', ' D.C. (area)', ' DC', ' USA']"
32802,"['Spokane (35 miles north of', ' Hwy. 395)', ' WA', ' USA']"
32866,"['Fortville (2-3 mi. N. of', ' State Road 13)', ' IN', ' USA']"
33262,"['Omaha (outside of', ' near I-80/Westbound)', ' NE', ' USA']"
33321,"['Chadron', ' NE/Oelrichs', ' SD (between)', ' NE', ' USA']"
33411,"['Arkansas (NE part', ' US Rt 67)', ' AR', ' USA']"
33497,"['Washington', ' D.C.', ' DC', ' USA']"
33703,"['Hagerstown (south of', ' on I-81)', ' MD', ' USA']"
33838,"['Columbia (70 miles south of', ' on I-26 West)', ' SC', ' USA']"
34011,"['Lansing (few miles northwest of', ' in the country)', ' MI', ' USA']"
34151,"['California (above', ' northern part of)', ' CA', ' USA']"
34449,"['Misty Fjords National Park (near', ' on island)', ' AK', ' USA']"
34641,"['Moody/McGregor (between', ' rural )', ' TX', ' USA']"
34782,"['New Mexico (rural', ' northern part of)', ' NM', ' USA']"
35008,"['Santa Fe (near', ' on highway)', ' NM', ' USA']"
35122,"['North Dakota (over', ' inflight)', ' ND', ' USA']"
35153,"['Newmarket/Luray (between', ' going up Massanutten Mt.)', ' VA', ' USA']"
35780,"['Washington', ' D.C.', ' DC', ' USA']"
36400,"['West Greenwich', ' East Greenwich', ' West Warwick', ' Warwick', ' RI', ' USA']"
36435,"['Washington', ' D.C.', ' DC', ' USA']"
36546,"['Arizona (about 3 hours from', ' on I-15)', ' AZ', ' USA']"
36631,"['English Bay', ' Vancouver (Canada)', ' BC', ' Canada']"
36633,"['Emley Moor', ' Huddersfield', ' West Yorks (UK/England)', ' United Kingdom']"
37139,"['Washington', ' D.C.', ' DC', ' USA']"
37154,"['Washington', ' D.C.', ' DC', ' USA']"
37192,"['Socorro (approx 30 miles S. of', ' on I-25)', ' NM', ' USA']"
37352,"['unknown (Out skirts of Lake Don Pedro', ' near modesto)', ' CA', ' USA']"
37486,"['Nanaimo', ' Parksville (Canada)', ' BC', ' Canada']"
37664,"['Elk Grove (Rte. 53', ' northbound)', ' IL', ' USA']"
37847,"['Albuquerque/Houston (inflight', ' halfway b/t)', ' TX', ' USA']"
37989,"['Presidio (rural', ' 15 MILES SW of)', ' TX', ' USA']"
38188,"['Washington', ' D.C.', ' DC', ' USA']"
38356,"['I-40 West', ' mm 228', ' AR', ' USA']"
38364,"['Gurnee (near', ' on I-55 North)', ' IL', ' USA']"
38372,"['New Mexico (Interstate 25', ' Exit 138)', ' NM', ' USA']"
38386,"['San Diego (north of', ' at sea)', ' CA', ' USA']"
38767,"['Los Angeles (250 mi north of', ' on Hwy 5)', ' CA', ' USA']"
38777,"['Greenwater (near', ' by Mt. Rainier)', ' WA', ' USA']"
38986,"['Washington', ' D.C.', ' DC', ' USA']"
40423,"['Asheville/Johnson City (between', ' I-26)', ' TN', ' USA']"
41043,"['Washington', ' D.C.', ' DC', ' USA']"
41048,"['Seaford/Millsboro (from/to)Millsboro', ' to Rehobot', ' DE', ' USA']"
41095,"['Washington', ' D.C.', ' DC', ' USA']"
41227,"['San Marcos (Escondido', ' Rancho Bernardo)', ' CA', ' USA']"
41442,"['Washington', ' D.C.', ' DC', ' USA']"
41450,"['Washington', ' D.C.', ' DC', ' USA']"
42072,"['Lloydminster (Alberta', ' Canada)', ' AB', ' Canada']"
42103,"['Dallas-Frisco (between', ' enroute)', ' TX', ' USA']"
42849,"['Tacna/Yuma (Between', ' at mile markers 94', ' 63', ' 35', ' 21)', ' AZ', ' USA']"
42877,"['Dunnville', ' Ontario (Canada)', ' ON', ' Canada']"
43292,"['Sydney (Righton', ' Botany Bay) (NSW', ' Australia)', ' Australia']"
43387,"['Ritzville (outside of', ' Milepost 228', ' E on I-90)', ' WA', ' USA']"
43531,"['Kingston (NY Thruway', ' I-87)', ' NY', ' USA']"
43578,"['Vancouver (near', ' Camas)', ' WA', ' USA']"
43784,"['Barstow (near', ' on I-15 N)', ' CA', ' USA']"
43866,"['In-orbit (heard from Americus', ' GA)', ' GA', ' USA']"
43940,"['Chicago (downtown', ' on L. Michigan)', ' IL', ' USA']"
44076,"['Washington', ' D.C.', ' DC', ' USA']"
44273,"['New York City', ' Manhattan', ' NY', ' USA']"
44810,"['Washington', ' D.C.', ' DC', ' USA']"
44977,"['Susitna Lodge (10 mi. E of', ' Denali Hwy.)', ' AK', ' USA']"
45275,"['Denver (I-25', ' southbound)', ' CO', ' USA']"
45280,"['Washington', ' D.C.', ' DC', ' USA']"
45410,"['Borden/Carlton (PEI', ' Canada)', ' PE', ' Canada']"
45448,"['Houston (Metro', ' southwest)', ' TX', ' USA']"
45515,"['Ridgewood (New York City', ' Queens)', ' NY', ' USA']"
45620,"['St. Albert', ' and Wabasca (Canada)', ' AB', ' Canada']"
45727,"['Frederiksted (St. Croix', ' US Virgin Islands)', ' VI', ' USA']"
46247,"['Las Vegas (western; I-40', ' MM 264)', ' NV', ' USA']"
46422,"['Mt Rainier Nat Park', ' Cougar rock campground', ' WA', ' USA']"
46460,"['Sand Dune Recreational Area (west of', ' on I-8)', ' CA', ' USA']"
47691,"['Arkansas (eastern; on US Hwy 70 abt 75 m w/o Memphis', ' TN)', ' AR', ' USA']"
48204,"['Washington', ' D.C.', ' DC', ' USA']"
48750,"['Opposite of Clearview hill', ' Clearview', ' WA', ' USA']"
49134,"['Wyoming (I-80', ' westbound)', ' WY', ' USA']"
49141,"['Washington', ' D.C.', ' DC', ' USA']"
49151,"['Iowa City (near', ' on I-380)', ' IA', ' USA']"
49295,"['San Luis', ' R.C. (Mexico)/Yuma', ' AZ', ' Mexico']"
49403,"['Washington', ' D.C.', ' DC', ' USA']"
49445,"['Canterbury (near)', ' Dover', ' Kent (UK/England)', ' United Kingdom']"
49483,"['Washington', ' D.C.', ' suburbs', ' VA', ' USA']"
49831,"['Malibu (just W of', ' on Pacific Crest Highway)', ' CA', ' USA']"
49848,"['Lakewood Ranch', ' Bradenton', ' FL', ' USA']"
49866,"['Brockville (outside of', ' before exit 687) (Canada)', ' ON', ' Canada']"
49922,"['Washington', ' D.C.', ' DC', ' USA']"
49972,"['Washington', ' D.C.', ' DC', ' USA']"
50147,"['Furnace Creek', ' ca (death valley)', ' CA', ' USA']"
50661,"['Washington', ' D.C.', ' DC', ' USA']"
50663,"['highway 78 between Bailey & Bonham', ' Texas', ' TX', ' USA']"
50700,"['Washington', ' D.C.', ' DC', ' USA']"
50706,"['Nevada (on highway', ' northbound)', ' NV', ' USA']"
50716,"['Malibu', ' West', ' CA', ' USA']"
50894,"['Washington', ' D.C.', ' DC', ' USA']"
51190,"['Hove', ' Aldrington', ' Portslade-by-sea (UK/England)', ' United Kingdom']"
51215,"['Chula Vista campground parking lot', ' Mt. Pinos', ' CA', ' USA']"
51304,"['Gila Indian Reservation & S. Chandler', ' Ocotillo area', ' AZ', ' USA']"
51898,"['Illinois (central area; in-flight', ' 31', ' 000 ft.)', ' IL', ' USA']"
53242,"['Midwest U. S. (on airplane', ' inflight)', ' MD', ' USA']"
53400,"['Washington', ' D.C. (area)', ' DC', ' USA']"
53704,"['Washington', ' D.C.  (just outside of)', ' VA', ' USA']"
53781,"['Carrollton (Hwy. 65', ' northbound)', ' MO', ' USA']"
53915,"['Washington', ' D.C.', ' DC', ' USA']"
54036,"['Osgood', ' Pierceville', ' Milan', ' IN', ' USA']"
55105,"['Alabama (in-flight @ 35', "" 000')"", ' GA', ' USA']"
55114,"['Washington', ' D.C.', ' DC', ' USA']"
55160,"['Washington', ' D.C.', ' DC', ' USA']"
55562,"['Washington', ' D.C.', ' DC', ' USA']"
55673,"['Washington', ' D.C. to Kansas City', ' DC', ' USA']"
55725,"['U.S.S. San Juan (Atlantic Ocean', ' east of Florida)', ' FL', ' USA']"
55802,"['Butong', ' Taal', ' Batangas (Philippines)', ' Philippines']"
56917,"['New Waterford', ' Cape Breton (Canada)', ' NS', ' Canada']"
57966,"['Middletown / Townsend or Cecilton / Warwick', ' Maryland', ' DE', ' USA']"
59441,"['Rapid City', ' Sioux Falls', ' SD', ' USA']"
59442,"['Hwy 168', ' Bristle Cone Pine Forrest', ' CA', ' USA']"
59547,"['Washington', ' D.C.', ' DC', ' USA']"
61118,"['Tylertown', ' MS/Memphis', ' TN', ' MS', ' USA']"
61180,"['Adjuntas', ' (Puerto Rico)', ' PR', ' USA']"
62521,"['Columbia', ' Wrightsville', ' PA', ' USA']"
63609,"['Washington', ' D.C.', ' DC', ' USA']"
63643,"['Joshua Tree National Park', ' Twenty Nine Palms', ' CA', ' USA']"
63874,"['Washington', ' D.C.', ' DC', ' USA']"
65274,"['Washington', ' D.C.', ' DC', ' USA']"
65713,"['Washington', ' D.C.', ' DC', ' USA']"
65872,"['Indianapolis (enroute to Lima', ' OH)', ' IN', ' USA']"
65946,"['Washington', ' D.C.', ' DC', ' USA']"
66051,"['Washington', ' D.C.', ' DC', ' USA']"
66567,"['Summit Lake Exit', ' Hwy 42', ' OR', ' USA']"
66829,"['Handforth', ' Wilmslow', ' Cheshire (UK/England)', ' United Kingdom']"
66992,"['Washington', ' D.C.', ' DC', ' USA']"
67800,"['Phenix City & Columbus', ' Ga', ' AL', ' USA']"
67826,"['Washington', ' D.C.', ' DC', ' USA']"
67961,"['Lac de la Sucrerie', ' 115 km NW of Montreal (Canada)', ' QC', ' Canada']"
68051,"['Washington', ' D.C.', ' DC', ' USA']"
68156,"['Washington', ' D.C.', ' DC', ' USA']"
68185,"['Washington', ' D.C.', ' DC', ' USA']"
68387,"['Lac de la Sucrerie', ' Vendee (Canada)', ' QC', ' Canada']"
68401,"['Cedarville (4 to 5 miles east of', ' on U. S. 42)', ' OH', ' USA']"
68684,"['Smyrna Mills/Oakfield/Island Falls', ' and Patten', ' ME', ' USA']"
68911,"['Gladstone (near; hiway 56', ' mile marker 56)', ' NM', ' USA']"
69305,"['Washington', ' D.C.', ' DC', ' USA']"
69871,"['Tuxedo (on US Hwy 25', ' between Tuxedo and I-26 exit)', ' NC', ' USA']"
70139,"['Las Vegas', ' Nevada', ' Airspace', ' NV', ' USA']"
70233,"['Washington', ' D.C.', ' DC', ' USA']"
70673,"['Maltby (Snohomish', ' Woodinville)', ' WA', ' USA']"
70895,"['I-70 (MM-24', ' eastbound)', ' KS', ' USA']"
70896,"['I-70 (MM-24', ' eastbound)', ' KS', ' USA']"
71713,"['Washington', ' D.C.', ' DC', ' USA']"
71952,"['Washington', ' D.C.', ' DC', ' USA']"
73443,"['Hope (Exit 30', ' Highway 30)', ' AR', ' USA']"
73544,"['Friend (Hwy 15', ' approx. 4 miles SE of)', ' NE', ' USA']"
73545,"['Interstate 80.  Between York', ' Nebraska and Aurora', ' Nebraska', ' NE', ' USA']"
73630,"['Washington', ' D.C.', ' DC', ' USA']"
74280,"['Socorro (west of', ' on Hwy 60)', ' NM', ' USA']"
74386,"['Washington', ' D.C.', ' DC', ' USA']"
74395,"['Nicolosi', ' Sicily (Italy; Mt. Etna)', ' TN', ' Italy']"
75307,"['Washington', ' D.C.', ' DC', ' USA']"
75349,"['Washington', ' D.C.', ' DC', ' USA']"
76106,"['Bryant Creek', ' Rippe access', ' MO', ' USA']"
76130,"['Washington', ' D.C.', ' DC', ' USA']"
76739,"['Washington', ' D.C.', ' DC', ' USA']"
76846,"['Washington', ' D.C.', ' DC', ' USA']"
76930,"['Washington', ' D.C.', ' DC', ' USA']"
76932,"['Washington', ' D.C.', ' DC', ' USA']"
76934,"['Washington', ' D.C.', ' DC', ' USA']"
77103,"['Washington', ' D.C.', ' DC', ' USA']"
80106,"['Washington', ' D.C.', ' DC', ' USA']"
80356,"['Washington', ' D.C.', ' DC', ' USA']"
80666,"['San Elijo Hills (near it', ' on a hill top)', ' CA', ' USA']"
80701,"['Maze District', ' Canyonlands National Park', ' UT', ' USA']"
81353,"['Washington', ' D.C.', ' DC', ' USA']"
81915,"['Tijeras (south of', ' on hwy S.14)', ' NM', ' USA']"
82325,"['Washington', ' D.C.', ' DC', ' USA']"
82403,"['Washington', ' D.C.', ' DC', ' USA']"
82452,"['Praia da Vitoria', ' Terceira', ' (Azores; Portugal)', ' Portugal']"
82877,"['Washington', ' D.C.', ' DC', ' USA']"
84097,"['Laguna', ' Irvine', ' Costa Mesa', ' CA', ' USA']"
84542,"['Wendover (east of', ' on I-80)', ' UT', ' USA']"
85705,"['Washington', ' D.C.', ' DC', ' USA']"
86659,"['Wildlife Refuge', ' Medicine Park', ' Ft. Sill', ' OK', ' USA']"
87558,"['Jordan (SR MT200', ' westbound)', ' MT', ' USA']"
88454,"['Charlotte (S of', ' on I-85)', ' NC', ' USA']"
88540,"['Washington', ' D.C.', ' DC', ' USA']"
88582,"['Reedly/Sander', ' (near); SANGER', ' CA', ' USA']"
89083,"['Washington', ' D.C.', ' DC', ' USA']"
89720,"['Condado', ' San Juan (Puerto Rico)', ' PR', ' USA']"
89811,"['wailea', ' mckenna', ' Maui', ' HI', ' USA']"
89841,"['Winter Haven', ' Eagle Lake', ' FL', ' USA']"
90045,"['Washington', ' D.C.', ' DC', ' USA']"
90142,"['Ocala (driving up I-75', ' location not exactly known)', ' FL', ' USA']"
90895,"['Washington', ' D.C.', ' DC', ' USA']"
90947,"['Washington', ' D.C.', ' DC', ' USA']"
91225,"['Washington', ' D.C.', ' DC', ' USA']"
91656,"['Layton', ' Roy', ' Ogden areas', ' UT', ' USA']"
92018,"['Monee Manhattan Rd', ' Monee', ' on i57 headed north IL 60449', ' IL', ' USA']"
93129,"['Idaho Panhandle (near Wolf Lodge', ' MT)', ' ID', ' USA']"
94980,"['Washington', ' D.C.', ' DC', ' USA']"
95385,"['Cameron (near', ' on highway)', ' TX', ' USA']"
95620,"['Washington', ' D.C.', ' DC', ' USA']"
96665,"['Washington', ' D.C.', ' DC', ' USA']"
97649,"['Huntington', ' beach', ' CA', ' USA']"
97846,"['New York City (Glen Oaks/Littleneck area', ' Queens)', ' NY', ' USA']"
99098,"['New York City (Bronx', ' Riverdale)', ' NY', ' USA']"
101480,"['Roseau (West Indies; Dominica)', ' AL', ' Dominica', ' West Indies']"
102325,"['Washington', ' D.C.', ' DC', ' USA']"
106797,"['Omaha (Texas', ' not Nebraska)', ' TX', ' USA']"
106862,"['UNKNOWN FLYING @ 39', ' 000""', ' GA', ' USA']"
107033,"['Alleouz (Near Greene isle park', ' Facing Bellevue st)', ' WI', ' USA']"
107035,"['Allouez (near Greene Isle Park entrance', ' Facing Bellevue st)', ' WI', ' USA']"
107425,"['Washington', ' D.C.', ' DC', ' USA']"
107528,"['Key West', ' Dubuque', ' IA', ' USA']"
108865,"['Haena', ' Kauai', ' HI', ' USA']"
110454,"['Washington', ' D.C.', ' DC', ' USA']"
111283,"['Rowlett', ' Sachse/Garland', ' TX', ' USA']"
112080,"['Washington', ' D.C.', ' DC', ' USA']"
113025,"['Mount Rose Wilderness', ' Reno', ' NV', ' USA']"
114442,"['Gary (headed towards Chicago', ' Illinois)', ' IN', ' USA']"
116440,"['Washington', ' D.C.', ' DC', ' USA']"
117125,"['Jackson Heights (NYC', ' Queens)', ' NY', ' USA']"
118202,"['Louisville (near: I-64', ' Exit 113)', ' KY', ' USA']"
118285,"['Stevensville/Washington', ' D.C.', ' MD', ' USA']"
118681,"['Lordsburg (E of', ' on I-10; 10 mi. W of AZ)', ' NM', ' USA']"
119550,"['Hurffville/Sewell (I-55', ' MM 55)', ' NJ', ' USA']"
120458,"['Yakima Firing Center', ' Yakima', ' WA', ' USA']"
120686,"['Cyrus', ' WV US 52 North • Coordinates: 38°18′19″N', ' WV', ' USA']"
121179,"['Slippery Rock Township', ' near New Castle', ' PA', ' USA']"
122780,"['Washington', ' D.C.', ' DC', ' USA']"
122935,"['Edmonton', ' AB (Canada)', ' AB', ' Canada']"
123217,"['Frostburg', ' Lavale', ' MD', ' USA']"
124023,"['Manchester to Baltimore', ' MD', ' NH', ' USA']"
125716,"['Washington', ' D.C. & Baltimore (between; on I-295)', ' MD', ' USA']"
126117,"['Bolivar', ' Hermitage', ' and Urbana', ' MO', ' USA']"
126213,"['Gage (I-10', ' Exit 67)', ' NM', ' USA']"
126361,"['Washington', ' D.C. (above I-295 bridge)', ' DC', ' USA']"
126394,"['Washington', ' D.C.', ' DC', ' USA']"
126533,"['Washington', ' DC (west side)', ' MD', ' USA']"
126821,"['Washington', ' D.C.', ' DC', ' USA']"
127046,"['Cibola County (SR 117', ' MM32)', ' NM', ' USA']"
128393,"['Boring', ' Sandy area', ' OR', ' USA']"
128685,"['La Quinta', ' Indian Wells', ' Palm Desert', ' CA', ' USA']"
130418,"['Washington', ' D.C.', ' DC', ' USA']"
130632,"['Mt. Rainier (east slope; ~6', ' 500 ASL)', ' WA', ' USA']"
131999,"['Portland', ' OR/Vancouver', ' WA', ' OR', ' USA']"
132490,"['Panama City Beach', ' gulf', ' FL', ' USA']"
132703,"['Panama City beach', ' east', ' FL', ' USA']"
133145,"['Washington', ' D.C.', ' DC', ' USA']"
133492,"['Lawton (between Lawton and Duncan', ' hwy 7 west going east)', ' OK', ' USA']"
135414,"['Hanalei', ' Kauai', ' HI', ' USA']"
136312,"['Washington', ' D.C.', ' MD', ' USA']"
136508,"['Lampeter-Strasburg', ' Reading', ' PA', ' USA']"
141492,"['Washington', ' D.C.', ' DC', ' USA']"
142702,"['Cottonwood Lakes', ' High Sierras', ' CA', ' USA']"
142766,"['Clarksville', ' TN/Oak Grove', ' KY', ' TN', ' USA']"
143226,"['Washington', ' D.C. (6 miles west of)', ' DC', ' USA']"
144070,"['Fishkill (on I-84', ' eastbound; just past)', ' NY', ' USA']"
145496,"['unsure', ' possibly Des Moines or Grenville', ' NM', ' USA']"
146504,"['Yellowstone National Park (Canyon Village', ' west of)', ' WY', ' USA']"
147594,"['Union/North Powder/Baker CityHuntington', ' wildernes area', ' OR', ' USA']"
147941,"['Kansas City\\Lenexa', ' Kansas area', ' KS', ' USA']"
148320,"['Garden State Parkway (near Atlantic City Xprsway', ' Exit 38 B)', ' NJ', ' USA']"
150443,"['Pittsburgh', ' Hazelwood', ' PA', ' USA']"
150824,"['Dublin', ' Coolock', ' ard na grena (Rep. of Ireland)', ' Dublin Ireland']"
151228,"['Nitro', ' buffalo & saint Albany’s West Virginia', ' WV', ' USA']"
151617,"['Brooklyn', ' New York', ' NY', ' USA']"
151877,"['Flat Top Mountain', ' Cedar Valley', ' UT', ' USA']"
152258,"['Tulsa (Tulsa airport', ' Sheridan Rd.)', ' OK', ' USA']"
153458,"['Wailea', ' Maui', ' HI', ' USA']"
153627,"['Northeast of Mar Vista', ' Los Angeles', ' CA', ' USA']"
154917,"['Porto alegre', ' brazil', ' DC', ' Brazil']"
154996,"['Andres', ' Boca Chica', ' Santo Domingo', ' Dominican Republic']"
157060,"['Shriner Peak', ' Mt. Rainier National Park', ' WA', ' USA']"
158110,"['Bridge Lake', ' Lone Butte (Canada)', ' BC', ' Canada']"
158149,"['Outside Baker', ' OR', ' on hwy 84', ' OR', ' USA']"
160620,"['12 miles east of Culbertson', ' Mt.', ' MT', ' USA']"
161242,"['Lake Kinderhook', ' Niverville Hamlet', ' NY', ' USA']"
161252,"['Delhi', ' NY along route 10 going towards Walton', ' NY', ' USA']"
161313,"['Hondo', ' Seco', ' NM', ' USA']"
162550,"['stocton', ' on', ' tees (UK/ngland)', ' United Kingdom']"
162638,"['Hiko', ' Rachel NV', ' NV', ' USA']"
163677,"['Washington', ' D.C.', ' DC', ' USA']"
164420,"['Cape Coral', ' Fl', ' MD', ' USA']"
165568,"['Florissant', ' MO 63033', ' MO', ' USA']"
165869,"['Swift Creek', ' south of Raleigh', ' NC', ' USA']"
165879,"['Puerto Del Carmen', ' Tias', ' Lanzarote', ' Las Palmas Province', ' Spain']"
165967,"['Between faster', ' AL and Tuscaloosa', ' AL', ' USA']"
165979,"['I-10 freeway near Az and Ca border', ' heading west', ' AZ', ' USA']"
166138,"['South Brent', ' Dartmoor National park.', ' Devon', ' United Kingdom']"
166174,"['East Ham', ' London (UK/England)', ' London Borough of Newham', ' United Kingdom']"
166189,"['Washington DC (Suitland', ' MD)', ' DC', ' USA']"
166282,"['Taylorsville', ' Salt Lake', ' Utah', ' UT', ' USA']"
166320,"['Orem', ' Provo', ' UT', ' USA']"
166332,"['Tambaram', ' Chennai (India)', ' Tamil Nadu', ' India']"
166369,"['Rosalia', ' St. John', ' Colfax area of the Palouse', ' WA', ' USA']"
166382,"['South Ozone Park', ' Queens', ' NYC', ' NY', ' USA']"
166394,"['Panther Creek State Park', ' close to Morristown', ' Tennessee', ' TN', ' USA']"
166419,"['Hastings', ' Ontario. Rice Lake (Canada)', ' ON', ' Canada']"
166437,"['Myrtle Beach', ' Horry County South Carolina', ' NC', ' USA']"
166445,"['21-minutes', ' flight time', ' north of Phoenix', ' AZ', ' USA']"
166617,"['Washington', ' D.C.', ' DC', ' USA']"
166789,"['Aliens Apache Junction', "" UFO's in AJ Tempe"", ' Gilbert', ' Phoenix.', ' AZ', ' USA']"
166908,"['BAUNTON', ' CIRENCESTER', ' Gloucestershire', ' United Kingdom']"
166919,"['At sea (Long Beach', ' 3 hrs. S of)', ' CA', ' USA']"
166982,"['Airmont', ' (formerly Tallman)', ' NY', ' USA']"
166990,"['Seaford', ' Long Island', ' NY', ' USA']"
167093,"['Eagle River', ' Alaska', ' AK', ' USA']"
167112,"['Huntsville', ' AL / Marion. IN / New Orleans LA', ' AL', ' USA']"
167140,"['Columbus', ' Ohio and surrounding areas', ' OH', ' USA']"
167206,"['20', ' 000 feet over Trout Lake', ' WA looking Northwest', ' WA', ' USA']"
167219,"['Mesa', ' Apache Junction', ' Tempe', ' Phoenix', ' Chandler', ' Queen Creek', ' AZ', ' USA']"
167426,"['Clarkston', ' Washington', ' WA', ' USA']"
167458,"['Buffalo Township', ' Butler County', ' PA', ' USA']"
167483,"['Thornbury', ' Bristol', ' South Gloucestershire', ' United Kingdom']"
167489,"['New Port Richey', ' Florida', ' FL', ' USA']"
167510,"['Mendota', ' IL I-39 North', ' IL', ' USA']"
167553,"['Citrus Park', ' Tampa', ' FL', ' USA']"
167586,"['Mooresville', ' Charlotte', ' NC', ' USA']"
168052,"['Off Seattle', ' Washington coast', ' WA', ' USA']"
168150,"['Cold Bluff', ' Alabama', ' AL', ' USA']"
168215,"['Crowthorne', ' Berkshire', ' England', ' United Kingdom']"
168341,"['Newport Beach', ' Pacific Ocean', ' CA', ' USA']"
168403,"['Block Island', ' Town of New Shoreham', ' RI', ' USA']"
168475,"['Houston', ' Texas', ' TX', ' USA']"
168517,"['Ringwood', ' England', ' Dorset', ' United Kingdom']"
168523,"['Brown County', ' Texas', ' TX', ' USA']"
170246,"['Glen', ' NH-16', ' NH', ' USA']"
170275,"['Alamosa', ' San Luis Valley', ' CO', ' USA']"
170356,"['just north of McIntosh', ' Fl.', ' FL', ' USA']"
170410,"['San Bosco', ' Santa Bárbara', ' Heredia Province', ' Costa Rica']"
170470,"['laramie', ' wyoming', ' WY', ' USA']"
170541,"['Cottage Grove', ' 78920 Adams rd.', ' OR', ' USA']"
170789,"['Oaxtepec', ' Morelos', ' Mexico', ' Morelos', ' Mexico']"
170802,"['Lingan', ' Cape Breton Island', ' NS', ' Canada']"
170875,"['Kirklandlake', ' ontario', ' ON', ' Canada']"
170994,"['Crystal City', ' Arlington', ' VA', ' USA']"
171010,"['Erie', ' Presque Isle', ' PA', ' USA']"
171169,"['Doral', ' in Miami florida', ' FL', ' USA']"
171352,"['Friend Park. West of Laramie Mountain', ' Wyoming', ' WY', ' USA']"
171506,"['Auburn', ' Enumclaw area', ' WA', ' USA']"
171644,"['Van Nuys', ' Los Angeles', ' CA', ' USA']"
171673,"['Chicago', ' montrose harbor', ' IL', ' USA']"
171718,"['Downers Way', ' North Falmouth', ' MA', ' USA']"
172110,"['New Miami', ' Ohio (Hamilton Ohio)', ' OH', ' USA']"
172130,"['Sister Lakes', ' Michigan.', ' MI', ' USA']"
172362,"['Woolacombe', ' Minehead', ' gloucester', ' United Kingdom']"
172363,"['Orlando (Specifically', ' Lockhart)', ' FL', ' USA']"
172501,"['North cave', ' Brough', ' East Riding of Yorkshire', ' United Kingdom']"
172527,"['Lawford', ' Manningtree', ' Essex', ' United Kingdom']"
172873,"['Thornton Heath', ' Croydon', ' Surrey', ' United Kingdom']"
172879,"['Glamis', ' Scotland', ' Angus', ' United Kingdom']"
173060,"['Neenach (Northern', ' Los Angeles County)', ' CA', ' USA']"
173581,"['35.451099', ' -106.150200', ' NM', ' USA']"
173622,"['Arrington', ' Tennessee', ' TN', ' USA']"
173762,"['Machesney Park', ' Illinois', ' IL', ' USA']"
173815,"['Starting abeam Idaho Falls', ' ID thru Moses Lake', ' WA', ' USA']"
173994,"['Lake Poderosa', ' near Montezuma', ' IA', ' USA']"
174041,"['Near Detour', ' Michigan', ' MI', ' USA']"
174158,"['Nevada Highway 375', ' 10 miles E of US Hwy 6', ' NV', ' USA']"
174273,"['Village : Cheetakheda', ' Tehsil : Jeeran', ' District : Neemuch', ' Madhya Pradesh', ' India']"
174416,"['Jackson Township', ' near the villages of Chase and Ceasetown', ' PA', ' USA']"
174417,"['Jackson Township', ' near the villages of Chase and Ceasetown', ' PA', ' USA']"
174418,"['Jackson Township', ' near the villages of Chase and Ceasetown', ' PA', ' USA']"
174630,"['On the way to Wapaca', ' Wisconsin', ' WI', ' USA']"
174758,"['Roseburg', ' green district', ' OR', ' USA']"
174890,"['Prudhoe Bay', ' Alaska', ' AK', ' USA']"
174905,"['Scarborough', ' Ont', ' ON', ' Canada']"
175072,"['Albuquerque', ' west of.', ' NM', ' USA']"
175144,"['Boarder of Colorado', ' Utah and Wyoming', ' CO', ' USA']"
175564,"['sydney', ' nova scotia', ' NS', ' Canada']"
175700,"['Bentley', ' Doncaster.', ' Doncaster', ' United Kingdom']"
175924,"['Tobay Beach', ' Massapequa', ' Town of Oyster Bay', ' NY', ' USA']"
176028,"['Nonsan-Si (Nonsan-Si', ' Yeonsan Myeon)', ' South Chungcheong Province', ' Korea South']"
176045,"['Brampton Bierlow', ' rotherham', ' Barnsley', ' United Kingdom']"
176099,"['open desert between Gila Bend and Crater Range', ' near GB AF', ' AZ', ' USA']"
176324,"['Unknown', ' but it was seen from Palmela', ' Setúbal District', ' Portugal']"
176495,"['Fort Clark Springs', ' Brackettville', ' TX', ' USA']"
176850,"['Oakenshaw', ' Low Moor', ' Wibsey', ' Bradford', ' United Kingdom']"
176869,"['Mutiple places Kelme', ' Aukstelke', ' Siauliai', ' Šiauliai District Municipality', ' Lithuania']"
176879,"['Earlimart', ' Allensworth area.', ' CA', ' USA']"
176989,"['Olympia', ' near the nisqually basin.', ' WA', ' USA']"
177032,"['La Jolla', ' San Diego', ' CA', ' USA']"
177063,"['Sandgate', ' Brisbsne', ' Queensland', ' Australia']"
177069,"['Salisbury', ' in the western part of the county', ' NC', ' USA']"
177091,"['New Sharon', ' Iowa', ' IA', ' USA']"
177286,"['Buffalo', ' South Dakota', ' SD', ' USA']"
177509,"['Washington', ' DC', ' MD', ' USA']"
177650,"['Garden City', ' Sealand', ' Flintshire', ' United Kingdom']"
177746,"['Great Glen', ' Leicester', ' City of Leicester', ' United Kingdom']"
177917,"['I am in the forest', ' the nearest is newark', ' Nottinghamshire', ' United Kingdom']"
178064,"['Morganton', ' NC at Brown Mountain Overlook', ' NC', ' USA']"
178125,"['Hazleton', ' maybe', ' PA', ' USA']"
178153,"['lawton', ' Fort Sill', ' OK', ' USA']"
178383,"['Longdon', ' Rugeley', ' Staffordshire', ' United Kingdom']"
178543,"['North of Salt Lake City', ' South of Hill AFB', ' UT', ' USA']"
178555,"['Bass River', ' Yarmouth', ' MA', ' USA']"
178637,"['Los Angeles', ' Fontana', ' CA', ' USA']"
178669,"['I can’t remember the city name', ' we were driving through', ' NJ', ' USA']"
178866,"['Sonoita', ' Arizona', ' AZ', ' USA']"
178918,"['Hollywood', ' Los Angeles', ' CA', ' USA']"
178969,"['Crackington', ' Bude', ' Cornwall', ' United Kingdom']"
179514,"['Anchieta', ' Porto Alegre', ' Rio Grande do Sul', ' Brazil']"
