ufo_id,location
86593,"Subotica, Serbia"
165562,"Huntersville, NC, USA"
165689,"New Tazewell, TN, USA"
165693,"Mission, KS, USA"
165703,"Worcester (18 miles SE of), MA, USA"
165704,"Titusville, PA, USA"
165728,"Big Coppitt, FL, USA"
165819,"Brooklyn, NY, USA"
166034,"Blythe, CA, USA"
166192,"Foxboro, MA, USA"
166213,"Staton Island, NY, USA"
166247,"Colchester, VT, USA"
166258,"Las Vegas, NV, USA"
166321,"Tiskilwa, IL, USA"
166430,"Minneapolis, MN, USA"
166494,"Lead Hill, AR, USA"
166538,"New River, AZ, USA"
166542,"Phoenix, AZ, USA"
166553,"Cave Springs, AR, USA"
166643,"Saguaro Lake (Mesa), AZ, USA"
166842,"Tacoma, WA, USA"
166872,"N/A - Pacific Ocean west of Guadalupe Island, Mexico"
166896,"Helper, UT, USA"
166910,"Staunton, VA, USA"
166959,"Jacksonville, FL, USA"
166986,"Grand Rapids - Godwin Heights, MI, USA"
167030,"Bethlehem, PA, USA"
167058,"Dalton Gardens, ID, USA"
167346,"Danvers, MA, USA"
167369,"Sevierville, TN, USA"
167402,"Near Cortez, CO, USA"
167406,"SeaBrook Island, SC, USA"
167455,"Willits, CA, USA"
167577,"Akron, OH, USA"
167591,"Moundridge, KS, USA"
167610,"Saint James, MO, USA"
167649,"Madhubani, Bihar, India"
167702,"Witnica, Poland"
167703,"Los Angeles, CA, USA"
167708,"Ocotillo wells, CA, USA"
167711,"Boulder Valley, MT, USA"
167724,"Westport, CT, USA"
167922,"Acworth, GA, USA"
168165,"Lethbridge, AB, Canada"
168168,"Old Bridge, NJ, USA"
168295,"London, London Borough of Ealing, United Kingdom"
168311,"Sycamore, IL, USA"
168387,"Pulaski, NY, USA"
168394,"Stockton Lake, MO, USA"
168514,"St Petersburg, FL, USA"
168530,"VA, USA"
168599,"Casco, ME, USA"
168779,"Kansas City, MO, USA"
168813,"Niceville, FL, USA"
170099,"Walla Walla, WA, USA"
170229,"Kutztown, PA, USA"
170257,"Norwood, MA, USA"
170305,"Washington, United Kingdom"
170339,"Church Hill, TN, USA"
170346,"Lonsdale, MN, USA"
170393,"Norwalk, CT, USA"
170407,"Hazel Green, WI, USA"
170507,"Khabarovsk, Khabarovsk Krai, Russia"
170796,"Mossy Point, New South Wales, Australia"
170909,"Big Stone Gap, VA, USA"
170946,"West Springfield, MA, USA"
170947,"Apple valley, CA, USA"
170989,"Richmondville, NY, USA"
171369,"Oakland, CA, USA"
171420,"Las Vegas, NV, USA"
171443,"Lawrenceburg, KY, USA"
171495,"Stevensville, MT, USA"
171574,"Jamison, PA, USA"
171658,"Mount Joy, PA, USA"
171683,"Oak Grove, AR, USA"
171691,"Anoka, MN, USA"
171717,"Kiowa, CO, USA"
171861,"Lamoille Canyon, NV, USA"
171947,"Miles, TX, USA"
172027,"Summit, NJ, USA"
172051,"Milan, MI, USA"
172131,"Smyrna, TN, USA"
172132,"Smyrna, TN, USA"
172161,"Rocklin, CA, USA"
172248,"Corte Madera, CA, USA"
172462,"Katy, TX, USA"
172494,"Cottonwood, AZ, USA"
172545,"Summerville, SC, USA"
172632,"Navsari, Village - Kangwai, Gujarat, India"
172706,"Center Point, IA, USA"
172710,"Tampa, FL, USA"
172717,"road 35 between Zajecar-Negotin, Zaječar District, Serbia"
172743,"Bow, WA, USA"
172764,"Saraland, AL, USA"
172840,"Parkersburg, WV, USA"
172901,"Walnut Creek, CA, USA"
172981,"horicon, WI, USA"
173017,"St George, KS, USA"
173028,"NV, USA"
173054,"Loveland, CO, USA"
173059,"Windsor, CO, USA"
173136,"Holly Hill, SC, USA"
173139,"Wells, ME, USA"
173160,"Cabra, Córdoba Province, Spain"
173166,"Lopatcong, NJ, USA"
173177,"Sea Isle, NJ, USA"
173333,"Brewster, NY, USA"
173385,"West Salem, OR, USA"
173496,"Virginia Beach, VA, USA"
173703,"Near Hagerstown, MD, USA"
173738,"Fitchburg, MA, USA"
173752,"Wall Township, NJ, USA"
173822,"Kingwood, NJ, USA"
173827,"Ocala, FL, USA"
173968,"Ranch S/W of Tilden, TX, USA"
174020,"Kingsville, MD, USA"
174029,"Hayes, VA, USA"
174170,"Amman, Amman Governorate, Jordan"
174191,"West Bromwich, West Midlands, Warwickshire, United Kingdom"
174247,"Julian, CA, USA"
174252,"Jaipur, Rajasthan, India"
174265,"Vero Beach, FL, USA"
174313,"Between Goldfield and Tonopah, NV, USA"
174394,"Lincoln, NE, USA"
174478,"Walla Walla, WA, USA"
174508,"San Isidro, Lima, Peru"
174593,"Phoenix, AZ, USA"
174596,"Moses Lake, WA, USA"
174740,"Mérida, Yucatán, Mexico"
174746,"Whitehorse, YT, Canada"
174772,"Vineland, NJ, USA"
174788,"Stafford, Staffordshire, United Kingdom"
174820,"Crystal lake, IL, USA"
175005,"Imperial, CA, USA"
175014,Unspecified
175028,"The Colony, TX, USA"
175031,"Medellin, Antioquia Department, Colombia"
175033,"Tempe, AZ, USA"
175071,"Salerno, Campania, Italy"
175088,"Alton, VA, USA"
175113,"Rochester, MN, USA"
175114,"COLUMBIA, SC, USA"
175178,"St. Louisville, OH, USA"
175300,"Cambridge, Cambridgeshire, United Kingdom"
175365,"GREENSBURG, IN, USA"
175405,"Spokane, WA, USA"
175442,"Stanley, NM, USA"
175489,"Sioux Falls, SD, USA"
175552,"Barnesville, MN, USA"
175633,"Hoschton, GA, USA"
175674,"Ann Arbor, MI, USA"
175812,"Santa Barbara, CA, USA"
175833,"Harrisburg East of I5, OR, USA"
175920,"Wilton, CT, USA"
175952,"Caddo Gap, AR, USA"
175955,"Nicholasville, KY, USA"
175969,"Wilmington, NC, USA"
175983,"Pueblo Bonito, NM, USA"
176014,"Ciales, PR, USA"
176088,"Lucern Valley, CA, USA"
176115,"Jekyll Island, GA, USA"
176215,"Sandy, OR, USA"
176248,"Vass, NC, USA"
176257,"London, Royal Borough of Kensington and Chelsea, United Kingdom"
176310,"Seattle, WA, USA"
176465,"Firebaugh, CA, USA"
176539,"Approx. 2.5 NM off coast of Sloop Point, NJ, USA"
176546,"Ashford, Kent, United Kingdom"
176671,"Turku, Varsinais-Suomi, Finland"
176704,"F68J+53P Sugarcreek, PA, USA"
176726,"Malaga, Málaga Province, Spain"
176741,"Hubbardston, MI, USA"
176778,"31.997470, 44.353483, Najaf Governorate, Iraq"
176925,"Mandeville, LA, USA"
177027,"Reno, NV, USA"
177149,"Pawcatuck, CT, USA"
177170,"New York, NY, USA"
177216,"Honolulu, HI, USA"
177234,"Williamsburg, VA, USA"
177521,"Breckenridge, TX, USA"
177564,"Las Vegas, NV, USA"
177756,"Pensacola, FL, USA"
177811,"Vista, CA, USA"
177817,"San Antonio, TX, USA"
177858,"Strømstad, Västra Götaland County, Sweden"
177971,"Columbus, OH, USA"
178075,"Colorado Springs, CO, USA"
178253,"Mississauga, ON, Canada"
178254,"Mississauga, ON, Canada"
178257,"Toronto, ON, Canada"
178269,"Kowal, Kuyavian-Pomeranian Voivodeship, Poland"
178308,"Levittown, NY, USA"
178362,"Columbus, IN, USA"
178428,"Acton, MA, USA"
178430,"Acton, MA, USA"
178549,"Columbia, MD, USA"
178558,"flagler beach, FL, USA"
178643,"Madison, MS, USA"
178656,"Glenella, MB, Canada"
178657,"Harden, Bradford, United Kingdom"
178664,"Jacksonville, FL, USA"
178667,"Victor, NY, USA"
178841,"Blanco, TX, USA"
178849,"Parsippany-Troy Hills, Pyramid Mountain, Taylortown, NJ, USA"
179160,"Brzeziny, Witkowice Łódzkie, Łódź Voivodeship, Poland"
179291,"Canton, OH, USA"
179296,"San Diego, CA, USA"
179320,"Fredericksburg, VA, USA"
179343,"Mill Valley, CA, USA"
179356,"Bridgewater, VA, USA"
179369,"Topeka, KS, USA"
179392,"Jersey City, NJ, USA"
179419,"Burbank, WA, USA"
179437,"Sun City West, AZ, USA"
179456,"Allentown, PA, USA"
179463,"Reynolds, MO, USA"
179467,"Grand Island, NY, USA"
179477,"South Gate, CA, USA"
179494,"Cooloongup, Western Australia, Australia"
179507,"Sigel, IL, USA"
179521,"New Lenox, IL, USA"
179551,"Washington, NJ, USA"
179608,"Gurabo, Puerto Rico"
179611,"Melbourne, FL, USA"
179666,"Marquette-lez-Lille, Hauts-de-France, France"
179678,"Pearland, TX, USA"
179709,"Smiths Station, AL, USA"
179710,"Fort Irwin, CA, USA"
179711,"Myrtle Beach, SC, USA"
179712,"Brooklyn, NY, USA"
179717,"Pawleys Island, SC, USA"
179720,"Rehoboth Beach, DE, USA"
179729,"Ooltewah, TN, USA"
179757,"Kelso, WA, USA"
179772,"Hope, ME, USA"
179803,"Allerton, England, United Kingdom"
179849,"Reheboth Beach, DE, USA"
179919,"Brookhaven, NY, USA"
179947,"Kelso, WA, USA"
179955,"Gun Barrel City, TX, USA"
180006,"Enterprise, NV, USA"
180018,"Waseca, MN, USA"
180021,"Nolensville, TN, USA"
180024,"Portage, MI, USA"
180042,"La Pine, OR, USA"
180044,"Bonney Lake, WA, USA"
180083,"Ross, OH, USA"
180126,"Greenwich, CT, USA"
180141,"Mayflower, AR, USA"
180151,"Topeka, KS, USA"
180153,"Frederick, MD, USA"
180155,"Blythe, CA, USA"
180162,"Rochester, NY, USA"
180173,"Pueblo West, CO, USA"
180175,"Saylorsburg, PA, USA"
180199,"Orlando, FL, USA"
180225,"Avoca Beach, New South Wales, Australia"
180282,"Charlottetown, PE, Canada"
180304,"Obergoms VS, Wallis, Switzerland"
180315,"Brandon, MS, USA"
180334,"CO, USA"
180387,"Buckner, AR, USA"
180400,"Whitman, MA, USA"
180411,"Monroeville, PA, USA"
180443,"Glenpool, OK, Unspecified"
180453,"Eastham, MA, USA"
180484,"Manawa, WI, USA"
180487,"Raleigh, NC, USA"
180495,"Cape Town, Western Cape, South Africa"
180538,"Lordelo, Porto, Portugal"
180555,"San Diego, CA, USA"
180563,"Tazewell, TN, USA"
180586,"Selwyn, Victoria, Australia"
180607,"Mungeranie, South Australia, Australia"
180608,"Piedmont, MO, USA"
180610,"Liverpool, England, United Kingdom"
180620,"Kleive, Møre og Romsdal, Norway"
180661,"Felton, CA, USA"
180706,"Anaheim, CA, USA"
180732,"Amarillo, TX, USA"
180733,"Alanya, Antalya, Turkey"
180746,"Corona, CA, USA"
180755,"Lowville, NY, USA"
180757,"Jeannette, PA, USA"
180778,"Hermanus, Western Cape, South Africa"
180789,"Palm Springs, CA, USA"
180808,"Oscoda, MI, USA"
180820,"Kettle Falls, WA, USA"
180867,"Mattoon, IL, USA"
180874,"San Antonio, TX, USA"
180878,"Las Vegas, NV, USA"
180908,"Lawrenceville, GA, USA"
180925,"Copperas Cove, TX, USA"
180928,"Waco, TX, USA"
180934,"Weare, NH, USA"
180964,"Oak Harbor, WA, USA"
180972,"Meridian, PA, USA"
180997,"New York, NY, USA"
181009,"Bakersfield, CA, USA"
181059,"Cocoa Beach, FL, USA"
181062,"Rock Island, IL, USA"
181086,"Tamil Nadu, India"
181092,"Shippensburg, PA, USA"
181102,"Arceburgo, Minas Gerais, Brazil"
181150,"Centennial, CO, USA"
181157,"Lakewood Ranch, FL, USA"
181164,"Matagorda, TX, USA"
181205,"Hadley, NY, USA"
181212,"Las Vegas, NV, USA"
181216,"Bremen, OH, USA"
181275,"Royal Palm Beach, FL, USA"
181308,"Dayton, OH, USA"
181323,"Montréal-Est, QC, Canada"
181333,"Twin Falls, ID, USA"
181343,"Farmersville, CA, USA"
181386,"Noblesville, IN, USA"
181443,"Yonder Way, AZ, USA"
181444,"Lewisville, NC, USA"
181447,"Perris, CA, USA"
181470,"York, ME, USA"
181490,"Honolulu, HI, USA"
181495,"Los Médanos, Baja California, Mexico"
181499,"Warrington, England, United Kingdom"
181502,"Levittown, NY, USA"
181524,"Gerlach, NV, USA"
181533,"Sultan, WA, USA"
181554,"Rainhill, England, United Kingdom"
181601,"Pinole, CA, USA"
181617,"New Port Richey, FL, USA"
181624,"Menomonie, WI, USA"
181653,"Gila Cliff National Monument, CO, USA"
181662,"Oostende, West Flanders, Belgium"
181666,"East Olympia, WA, USA"
181671,"Konnaiyur, Tamil Nadu, India"
181673,"Menomonie, WI, USA"
181683,"Niagara, WI, USA"
181688,"Windham, ME, USA"
181695,"Tucson, AZ, USA"
181716,"AZ, Bahamas"
181731,"Columbia, CA, USA"
181758,"Daytona Beach, FL, USA"
181774,"Clarksville, TN, USA"
181782,"Oak Park, CA, USA"
181813,"Satellite Beach, FL, USA"
181841,"Pacifica, CA, USA"
181929,"Oregonia, OH, USA"
181939,"Lee's Summit, MO, USA"
181979,"Newland, NC, USA"
181983,"Santa Maria, CA, USA"
181984,"Downe, NJ, USA"
181988,"Anaheim, CA, USA"
181993,"Whitewater, CA, USA"
182024,"Bradenton, FL, Unspecified"
182026,"Cuxhaven, Lower Saxony, Germany"
182027,"Sacramento, CA, USA"
182042,"Arlington, WA, USA"
182073,"Grangeville, ID, USA"
182081,"Cle Elum, WA, USA"
182083,Unspecified
182096,"Sleaford, England, United Kingdom"
182125,"Louisville, TN, USA"
182144,"Sevilla, Seville, Spain"
182168,"Middletown Township, NJ, USA"
182185,"Shreveport, LA, USA"
182192,"New Castle, PA, USA"
182251,"Aydın, Turkey"
182267,"Jaguaquara, Bahia, Brazil"
182268,"Head of Chezzetcook, NS, Canada"
182273,"Rochester, MN, USA"
182285,"Lincoln City, OR, USA"
182294,"Rochester, MN, USA"
182308,"Rochester, MN, USA"
182320,"Rochester, MN, USA"
182337,"Paratunka, Kamchatka Krai, Russia"
182361,"Littleton, CO, USA"
182366,"Callicoon, NY, USA"
182414,"Tramway, NC, USA"
182417,"Oslo, Norway"
182425,"Palomar Mountain, CA, USA"
182434,"Westmoreland, TN, USA"
182467,"Malvern, PA, USA"
182473,"Springdale, UT, USA"
182487,"Mission Viejo, CA, USA"
182508,"Exton, PA, USA"
182511,"Saint-Vincent-des-Bois, Normandy, France"
182541,"Aldea El Rosario, Zacapa Department, Guatemala"
182547,"Antioch, CA, USA"
182551,"Rio Rancho, NM, USA"
182561,"Concordia, KS, USA"
182565,"Lynchburg, VA, USA"
182574,"South Fork, CO, USA"
182575,"Del Norte, CO, USA"
182626,"Clinton, UT, USA"
182635,"Columbia Falls, MT, USA"
182636,"Reston, VA, USA"
182638,"Easton, KS, USA"
182687,"Wuppertal, North Rhine-Westphalia, Germany"
182696,"Greenwood Lake, NY, USA"
182698,"Florissant, CO, USA"
182739,"Bountiful, UT, USA"
182741,"Bradenton, FL, USA"
182746,"Tashkent Region, Uzbekistan"
182768,"Overland Park, KS, USA"
182798,"Parede, Lisboa, Portugal"
182854,"Pine, AZ, USA"
182857,"New Britain, CT, USA"
182858,"Barrington, IL, USA"
182882,"Milton-Freewater, OR, USA"
182892,"Lincoln, NH, USA"
182899,"Miami, FL, USA"
182900,"Eureka, NV, USA"
182901,"Raipur, Chhattisgarh, India"
182902,"Miami, FL, USA"
182903,"Miami, FL, USA"
182914,"Gurabo, Puerto Rico"
182918,"Miami, FL, USA"
182920,"Blairsville, GA, USA"
182923,"New York, NY, USA"
182931,"Santa Cruz, CA, USA"
182933,"Cleveland, GA, USA"
182935,"Blairsville, GA, USA"
182948,"Liverpool, England, United Kingdom"
182963,"Miller Lake, ON, Canada"
182986,"Smyrna, DE, USA"
182999,"Benson, AZ, USA"
183022,"Waxahachie, TX, USA"
183049,"Glasgow, Scotland, United Kingdom"
183051,"Oklahoma City, OK, USA"
183064,"Bexleyheath, England, United Kingdom"
183078,"Burlington, VT, USA"
183091,"North Haven, CT, USA"
183101,"Pasay, Philippines"
183113,"Pederneiras, São Paulo, Brazil"
183116,"Bay Lake, FL, USA"
183129,"New Stanton, PA, USA"
183130,"Davis, WV, USA"
183177,"Los Angeles, CA, USA"
183182,"Teec Nos Pos, AZ, USA"
183188,"Lawrence, KS, USA"
183202,"Appleton, IL, USA"
183255,"Reno, NV, USA"
183263,"Oregon City, OR, USA"
183264,"Young Harris, GA, USA"
183268,"Blairsville, GA, USA"
183318,"Norfolk, VA, USA"
183398,"Monterey, CA, USA"
183409,"Saint Labre, MB, Canada"
183434,"Łódź, Województwo łódzkie, Poland"
183437,"Batumi, Adjara, Georgia"
183446,"Alva, FL, USA"
183457,"Colorado Springs, CO, USA"
183475,"Bluffton, SC, USA"
183524,"Wrightsville Beach, NC, USA"
183525,"Wrightsville Beach, NC, USA"
183560,"Mountain Center, CA, USA"
183566,"Umatilla, FL, USA"
183573,"Methil, Scotland, United Kingdom"
183619,"Lebanon, IN, USA"
183650,"Albright, WV, USA"
183685,"Morley, MI, USA"
183723,"Colorado Springs, CO, USA"
183749,"Corinth, MS, USA"
183778,"Goose Prairie, WA, USA"
183830,"Etten-Leur, North Brabant, Netherlands"
183833,"Portland, ME, USA"
183881,"Walzenhausen, Appenzell Ausserrhoden, Switzerland"
183942,"Tempe, AZ, USA"
183945,"Nykarleby, Finland"
183952,"Buffalo, NY, USA"
183995,"Harman, WV, USA"
184017,"Ashford, England, United Kingdom"
184050,"Ottawa, ON, Canada"
184065,"Key West, FL, USA"
184080,"Laurel, MS, USA"
184117,"Julian, CA, USA"
184129,"Rincón, Puerto Rico"
184141,"Jackson, WY, USA"
184148,"Texhoma, OK, USA"
184160,"Niles, MI, USA"
184185,"Darlington, SC, USA"
184214,"Hessle, England, United Kingdom"
184281,"Rapid City, SD, USA"
184294,"Letterkenny, Donegal, Ireland"
184308,"Ballyliffin, County Donegal, Ireland"
184317,"Driftwood, TX, USA"
184327,"Pripiceni-Răzeși, Rezina, Moldova"
184342,"Loretto, MN, USA"
184420,"Parkton, NC, USA"
184423,"University Place, WA, USA"
184511,"Eden Prairie, MN, USA"
184521,"Springfield, MO, USA"
184543,"Imbituba, Santa Catarina, Brazil"
184615,"Mansfield, OH, USA"
184638,"Carson City, NV, USA"
184640,"Steuben, WI, USA"
184651,"Buxton, NC, USA"
184672,"La Picada, Entre Ríos, Argentina"
184708,"Mahwah, NJ, USA"
184731,"Orlando, FL, USA"
184782,"Patuxent River, MD, USA"
184817,"Saddlebrooke, AZ, USA"
184965,"County Galway, Ireland"
184967,"Berea, KY, USA"
184968,"Chandler, AZ, USA"
184972,"Ash Flat, AR, USA"
184983,"Long Beach, MN, USA"
185030,"Castle Rock, SD, USA"
185054,"Phuket Island, Thailand"
185070,"Berkeley, CA, USA"
185099,"Urbana, OH, USA"
185153,"Spring Valley, CA, USA"
185173,"Decatur, GA, USA"
185183,"Bethlehem, PA, USA"
185226,"Amherst, MA, USA"
185231,"Rosedale, MD, USA"
185264,"Boise, ID, USA"
185284,"Bethlehem, PA, USA"
185295,"Mukilteo, WA, USA"
185370,"Santuario, Liguria, Italy"
185417,"Killeen, TX, USA"
185420,"Richmond Heights, MO, USA"
185519,"Methuen, MA, USA"
185550,"Bethlehem, PA, USA"
185574,"Riverton, UT, USA"
185591,"Minneapolis, MN, USA"
185598,"Homestead, FL, USA"
185610,"Portland, OR, USA"
185638,"Morley, TN, USA"
185653,"Del Valle, TX, USA"
185657,"Paraná, Brazil"
185676,"Bethlehem, PA, USA"
185809,"Kerala, India"
185860,Unspecified
185881,"Sandy Springs, GA, USA"
185889,"Bethlehem, PA, USA"
185895,"Detroit, OR, USA"
185903,Unspecified
185904,"Balmazújváros, Hungary"
185910,"Paso de la Patria, Corrientes, Argentina"
185928,"League City, TX, USA"
185929,"Santa Rosa, CA, USA"
185930,"League City, TX, USA"
185936,"Methuen, MA, USA"
185952,"Caucaia, Ceará, Brazil"
185970,"Encantado, Rio Grande do Sul, Brazil"
185974,"Vancouver, WA, USA"
186031,"Zamárdi, Hungary"
186043,"Charlotte Amalie, St. Thomas, U.S. Virgin Islands"
186066,"Huntsville, AL, USA"
186069,"Arnold, MO, USA"
186092,"Prescot, England, United Kingdom"
186105,"Opelika, AL, USA"
186106,"Bajçinë, Kosovo"
186118,"Quakertown, PA, USA"
186150,"Grao de Castellón, Comunidad Valenciana, Spain"
186257,"Rivière-à-Pierre, QC, Canada"
186266,"San Antonio, TX, USA"
186269,"Lilburn, GA, USA"
186276,"Charlotte, NC, USA"
186379,"Braubach, Rheinland-Pfalz, Germany"
186402,"Newry, Northern Ireland, United Kingdom"
186410,"Ainsworth, IA, USA"
186428,"East Java, Indonesia"
186456,"Ermioni, Greece"
186500,"Medellín, Antioquia, Colombia"
186503,Unspecified
186515,"Myrtle Beach, SC, USA"
186596,"Mazatlan, Sinaloa, Mexico"
186609,"Los Angeles, CA, USA"
186626,"León de los Aldama, Guanajuato, Mexico"
186650,"Sierra Vista, AZ, USA"
186681,"Myrtle Beach, SC, USA"
186707,"Oslo, Norway"
186709,"Huauchinango, Puebla, Mexico"
186726,"Forada, MN, USA"
186731,"Eugene, OR, USA"
186746,"Toms River, NJ, USA"
186750,"Lyefjell, Rogaland, Norway"
186762,"Chihuahua, Mexico"
186771,"Florentino Ameghino, Buenos Aires Province, Argentina"
186781,"WA, USA"
186809,"Sevierville, TN, USA"
186816,"Mataró, Catalonia, Spain"
186840,"Calgary, AB, Canada"
186882,"Dalkey, County Dublin, Ireland"
186888,"Mexico City, Mexico"
186942,"Northfield, MA, USA"
187009,"Chandler, OK, USA"
187031,"Coomera, Queensland, Australia"
187074,"Elkhart, IN, USA"
187119,"Fairfield, CT, USA"
187133,"Fanano, Modena, Italy"
187154,"Winchester, CA, USA"
187166,"Clifton Springs, Victoria, Australia"
187171,"Ocoee, FL, USA"
187213,"Leland, NC, USA"
187259,"Belleville, NJ, USA"
187263,"Weesp, North Holland, Netherlands"
187273,"Longview, WA, USA"
187305,"Thynedale, VA, USA"
187327,"Bheelon Ka Bedla, Rajasthan, India"
187330,"El Pozo de Cota, Baja California Sur, Mexico"
187336,"Mingo Junction, OH, USA"
187337,"Dover, OH, USA"
187349,"Philipsburg, MT, USA"
187365,"Bydgoszcz, Kuyavian-Pomeranian Voivodeship, Poland"
187392,Gulf of Mexico
187410,"Franklin, NC, USA"
187415,"Patchogue, NY, USA"
187426,"Carson City, NV, USA"
187496,"Carmel Hamlet, NY, USA"
187583,"Boksburg, Gauteng, South Africa"
187605,"Spokane, WA, USA"
187608,"Lincoln City, OR, USA"
187628,"Joubertina, Eastern Cape, South Africa"
187629,"Glen Rose, TX, USA"
187638,"New Paltz, NY, USA"
187655,"Bradninch, England, United Kingdom"
187658,"Mexico City, Nuevo León, Mexico"
187680,"Esquipulas, Chiquimula Department, Guatemala"
187752,"Elkton, MD, USA"
187753,"Alicante (Alacant), Comunidad Valenciana, Spain"
187766,"Rockland, ID, USA"
187807,"Dargaville, Northland, New Zealand"
187821,"Colchester, England, United Kingdom"
187840,"Tacoma, WA, USA"
187854,"Domžale, Slovenia"
187882,Unspecified
188027,"Charles Town, WV, USA"
188028,"Ocean Springs, MS, USA"
188034,"Watertown, TN, USA"
188036,"Colorado Springs, CO, USA"
188053,"Mount Olive, NJ, USA"
188111,"Philadelphia, PA, USA"
188148,"Fruitland Park, FL, USA"
188153,"Doral, FL, USA"
188165,"Clovis, CA, USA"
188219,"Williston, ND, USA"
188261,"Lapel, IN, USA"
188262,"Indianapolis, IN, USA"
188388,"Overland Park, KS, USA"
188394,"Atkinson, NE, USA"
188410,"Sykesville, MD, USA"
188448,"Anchorage, AK, USA"
188461,"Mountain Brook, AL, USA"
188505,"Carmarthen, Wales, United Kingdom"
188520,"Mountain Home, ID, USA"
188533,"Windom, MN, USA"
188573,"Colorado Springs, CO, USA"
188574,"Everson, PA, USA"
188614,"Allenwood, PA, USA"
188650,"Odessa, TX, USA"
188662,"Lyman, SC, USA"
188663,"Lyman, SC, USA"
188710,"Boise, ID, USA"
188752,"Saint Paul, MN, USA"
188755,"Lakewood, CO, USA"
188797,"Palaú, Coahuila de Zaragoza, Mexico"
188802,"Owens Cross Roads, AL, USA"
188835,"Norwich, England, United Kingdom"
188838,"Kenosha, WI, USA"
188901,"Schertz, TX, USA"
188999,"Carrollton, OH, USA"
189052,"Outwell, England, United Kingdom"
189057,"Hamble-le-Rice, England, United Kingdom"
189117,"Varaždin, Varaždin County, Croatia"
189139,"Lexington, KY, USA"
189142,"Memphis, TN, USA"
189150,"Beihai, China"
189155,"Sedona, AZ, USA"
189205,"CA, USA"
189215,"Phoenix, AZ, USA"
189253,"Greeley, CO, USA"
189265,"Dothan, AL, USA"
189272,"Taoyuan City, Taiwan"
189281,"Fort Wayne, IN, USA"
189282,"Mestlin, Mecklenburg-Vorpommern, Germany"
189298,"Tucson, AZ, USA"
189326,"Bodø, Nordland, Norway"
189327,"San Luis Obispo, CA, USA"
189333,"Painted Post, NY, USA"
189380,"West Bengal, India"
189389,"Corpus Christi, TX, USA"
189420,"Santa Fe, NM, USA"
189423,"Tillamook, OR, USA"
189445,"San Mateo, CA, USA"
189470,"Haldibari, West Bengal, India"
189473,"Independence, CA, USA"
189540,"Fllakë, Qarku i Durrësit, Albania"
189599,"L'Arbresle, Auvergne-Rhône-Alpes, France"
189636,"Scotland, United Kingdom"
189646,"Kettle Falls, WA, USA"
189652,"Oklahoma City, OK, USA"
189720,"Datil, NM, USA"
189759,"Cardiff, Wales, United Kingdom"
189798,"El Cajon, CA, USA"
189803,"Bonney Lake, WA, USA"
189827,"Las Palmeras, Illes Balears, Spain"
189830,"Diyarbakır, Turkey"
189841,"Meridian, ID, USA"
189881,"Newburgh, NY, USA"
189882,"Blackridge, Scotland, United Kingdom"
189924,"Cugnasco-Gerra, Ticino, Switzerland"
189957,"Barroselas, Viana do Castelo, Portugal"
189965,"Bezrzecze, West Pomeranian Voivodeship, Poland"
189972,"Jersey City, NJ, USA"
190080,"Glen Arbor, MI, USA"
190091,Costa Rica
190152,"Ma'an, Ma'an Governorate, Jordan"
190171,"Chattanooga, TN, USA"
190172,"Houston, TX, USA"
190203,"Hutchinson Island South, FL, USA"
190229,"Nuuk, Sermersooq Municipality, Greenland"
190230,"Poza Rica, Veracruz, Mexico"
190262,"Pittsburgh, PA, USA"
190265,"Weesp, North Holland, Netherlands"
190314,"Boston, MA, USA"
190335,"Tallapalem, Andhra Pradesh, India"
190339,"Polonne, Khmelnytskyi Oblast, Ukraine"
190378,"Mequon, WI, USA"
190431,"Maple Valley, WA, USA"
190467,"Lake City, FL, USA"
190471,"Eruvatty, Kerala, India"
190477,"Panagamuwa, North Western Province, Sri Lanka"
190478,"Andover, MA, USA"
190523,"Sousel, Portalegre District, Portugal"
190559,"Miami, AZ, USA"
190569,"Natternbach, Upper Austria, Austria"
190613,"QC, Canada"
190648,"Largo, FL, USA"
190654,"Oriya, Rajasthan, India"
190739,"Sitka, AK, USA"
190801,"Morris, NY, USA"
190845,"Mora, MN, USA"
190861,"Liverpool, England, United Kingdom"
190864,"Troyan, Lovech, Bulgaria"
190881,"Cloverdale, OR, USA"
190886,"Lowestoft, England, United Kingdom"
190893,"Keewatin, ON, Canada"
190912,"Trail, BC, Canada"
190930,"Page, AZ, USA"
190951,"Lansing, MI, USA"
190961,"Alvarado, TX, USA"
190973,"Las Vegas, NV, USA"
190990,"Clearfield, PA, USA"
191032,"Kepez, Antalya, Turkey"
191047,"Los Angeles, CA, USA"
191069,"Allen Park, MI, USA"
191097,"Allen Park, MI, USA"
191122,"Driggs, ID, USA"
191136,"Grande Prairie, AB, Canada"
191147,"Montrose, Victoria, Australia"
191163,"Rajasan, Bihar, India"
191166,"Grass Valley, CA, USA"
191170,"Osmond, WY, USA"
191192,"Bello, Antioquia, Colombia"
191196,"Arlington, TX, USA"
191212,"Thessaly, Greece"
191229,"Ashford, WA, USA"
191239,"McGaheysville, VA, USA"
191304,"Kalmar, Kalmar County, Sweden"
191307,"Danville, IL, USA"
191413,"Saucier, MS, USA"
191421,"Lexington, KY, USA"
191422,"New Century, KS, USA"
191453,"Leavenworth, WA, USA"
191473,"Springdale, OH, USA"
191530,"Bečej, Vojvodina, Serbia"
191578,"Temple, TX, USA"
191582,"Vintila Voda, Romania"
191625,"Quitman, MS, USA"
191651,"Saint Charles, ID, USA"
191785,"La Broquerie, MB, Canada"
191851,"Rio Rancho, NM, USA"
191855,"Saskatoon, SK, Canada"
191873,"Hyde Park, NY, USA"
191911,"Cape Saint Marys, NS, Canada"
191917,"Leakey, TX, USA"
191933,"Taylor, MI, USA"
191943,"Castle Douglas, Scotland, United Kingdom"
191997,"Seoul, South Korea"
192120,"Bhairab, Dhaka Division, Bangladesh"
192172,"Alexandra Headland, Queensland, Australia"
192173,"Weesp, North Holland, Netherlands"
192177,"Pittsville, MD, USA"
192210,"Sabaneta, Antioquia, Colombia"
192225,"Page, AZ, USA"
192229,"Tajrish, Tehran Province, Iran"
192241,"Roswell, NM, USA"
192288,"Thatcher, AZ, USA"
192298,"Cornale, Lombardy, Italy"
192319,"Hünfelden, Hessen, Germany"
192321,"Smithfield, UT, USA"
192336,"Red Deer, AB, Canada"
192365,"New York, NY, USA"
192371,"Cape Town, Western Cape, South Africa"
192419,"Concordia, Entre Ríos, Argentina"
192493,"Ridgway, PA, USA"
192497,"São Carlos, State of São Paulo, Brazil"
192500,"Eygalières, Provence-Alpes-Côte d'Azur, France"
192534,"New South Wales, Australia"
192540,"Los Lunas, NM, USA"
192562,"淡水區, New Taipei City, Taiwan"
192605,"Cihanbeyli, Konya, Türkiye"
192740,"Spring Hill, FL, USA"
192749,"Birmingham, AL, USA"
192894,"San Antonio, TX, USA"
192895,"Martinez, CA, USA"
192897,"Lynnwood, WA, USA"
192925,"Mount Desert, ME, USA"
192943,"Gullivers Cove, NS, Canada"
192947,"Grand Ledge, MI, USA"
192956,"New York, NY, USA"
192969,"Cork, County Cork, Ireland"
193005,"Arapahoe, WY, USA"
193026,"Joplin, MO, USA"
193063,"Weesp, North Holland, Netherlands"
193072,"Niantic, CT, USA"
193105,"Ariceștii Rahtivani, Prahova, Romania"
193119,"Mecca, Saudi Arabia"
193137,"Stotonic Village, AZ, USA"
193140,"Naperville, IL, USA"
193142,"Merrimac, MA, USA"
193177,"South Bend, IN, USA"
193181,"Etten-Leur, North Brabant, Netherlands"
193206,"Birmingham, AL, USA"
193212,"Amenia, NY, USA"
193260,"Owensboro, KY, USA"
193264,"Ehrenberg, AZ, USA"
193340,"Fernandina Beach, FL, USA"
193347,"Burnaby, BC, Canada"
193364,"Corpus Christi, TX, USA"
193401,"Hatzic, BC, Canada"
193414,"Nampa, ID, USA"
