ufo_id,location
2054,"East Detroit (eastpoint0, MI, USA"
2196,"Chinquipin (Matagorda county, 10 miles southeast of se, TX, USA"
2298,"McDermitt (NE of;  Lat 42 05'N  Lon 117 00'W, NV, USA"
2812,"Childress (approx 20 miles north of, TX, USA"
2956,"I-95 (outside the Maine state border, NH, USA"
4073,"Silverdale (near Seattle) Across from NSB Bangor (Trident Su, WA, USA"
4223,"Northridge (suburb of Los Angeles in the San Fernando Valley, CA, USA"
4280,"Hubbard, (approx 30 mi. south of Portland, OR, USA"
4616,"Bonmahon (County Waterford (Republic of Ireland), Ireland"
5632,"Navarre Beach (other end of pensacola beach, FL, USA"
7605,"Primm (5 miles west of, on I-15 Westbound, NV, USA"
8329,"Lamar ((LAA), (NE of, FL310, 10 deg. above hor.), CO, USA"
9812,"Verhalen (between Balmorea & Pecos, TX, USA"
10421,"Addison (I-355 and US 20 (Lake St.), IL, USA"
11041,"Paris / Arc de Triomph (2 furlongs from it (France), France"
11870,"Hwy. 15 (S)/Hwy. 72 intersection, 1 mi. E of), MS, USA"
12249,"Buckeye (1-10 milepost 107 heading eastbound, AZ, USA"
12359,"Omaha (72nd & State street, NE, USA"
13004,"Ogdensburg (over the St Lawrence River on the Canadian borde, NY, USA"
13714,"Arizona (city unknown_, AZ, USA"
17290,"Black Canyon (N. of, on I-17, AZ, USA"
26930,"Espoo (Kilo) (Finland)), Finland"
27219,"Haworth ((UK/England), United Kingdom"
27307,"Dun Laoghaire (County Dublin (Republic of Ireland), Ireland"
30365,"Regina (Canada, SK, Canada"
30392,"Hopkinsville ((west of, on I-24), KY, USA"
30459,"London UK/England), United Kingdom"
33772,"Vaucouleurs (LorFrance, France"
33993,"Illinois (Northern) (on I-90, about 150?mi. N.Ill., WI, USA"
43159,"Berkeley (St. Louis suburb, near Lambert Airport)), MO, USA"
43499,"Sunbury (inflight; location unknown, PA, USA"
43569,"Glasgow (UK/Scotland)), United Kingdom"
44259,"Yorkeys Knob (North of Cairns) (QLD, Australia)), Australia"
44472,"Dateland (just before, AZ, USA"
45479,"In orbit (space, In orbit (space)"
48741,"Sydney (Australia)), Australia"
48758,"Nottingham (UK/England, United Kingdom"
48833,"Karachi ) (Alostam) (Pakistan), Pakistan"
49060,"Ft. Resolution (near) (NWT) Canada), NT, Canada"
49334,"West London (UK/England, United Kingdom"
50818,"Maidstone, Kent (UK/England, United Kingdom"
52306,"George (at Gorge Amphitheater, WA, USA"
52469,"Crimea (Ukraine)), Ukraine"
52738,"Grand Junction (15-20 miles, CO, USA"
53416,"London ((UK/England), United Kingdom"
53527,"Winter Hill (near Bolton)) (UK/England), United Kingdom"
55348,"Ellensburg (south of)), WA, USA"
59933,"St. Maarten (Netherland Antilles)), Netherland Antilles"
61094,"Florida (off coast, FL, USA"
62773,"Tel Aviv Israel), Israel"
64131,"Gloucester (UK/England, United Kingdom"
64165,"Iver Heath (xbridge.NWL ondon (Thames) (UK/England), United Kingdom"
64753,"Burhanpur (India, India"
65562,"Broadstairs (UK/England, United Kingdom"
65630,"Manchester (UK/England, United Kingdom"
69745,"Rothwell (Leeds) (UK/England, United Kingdom"
73548,"Interstate 80/I-76;  into Colorado begins (, NE, USA"
73604,"Dalkieth (Edinborough (UK/Scotland), United Kingdom"
74431,"Irvine (UK/Scotland, United Kingdom"
88407,"Cheshire (UK/England, United Kingdom"
88895,"Fredericksburg (northwest Hill Country)), TX, USA"
89619,"Las Vegas/Rachel (between, NV, USA"
90797,"Waipukarau (New Zealand, New Zealand"
93382,"Koh Samui (Thailand, Thailand"
93383,"Koh Samui (Thailand, Thailand"
93967,"Portage La Prairie (Canada0, MB, Canada"
97235,"I-5 (California, CA, USA"
98527,"Stockton on tees (UK/England, United Kingdom"
100377,"Phuket (Thailand; southern)), Thailand"
101762,"Spruce Grove (Canada, AB, Canada"
108434,"Iowa City Hwy 218 north, I-380 north, Cedar Rapids), IA, USA"
113297,"Renton (east of; towards the Cascades, WA, USA"
117506,"Kootenai (10 miles north}, ID, USA"
119511,"Ballynahinch ((Northern Ireland), Northern Ireland"
122990,"Nuneaton (UK/England, United Kingdom"
123832,"Eastville (Lincolnshire)(UK/England, United Kingdom"
124807,"Glendale (La Crecenta, CA, USA"
127452,"Beaver Co. {Western Pennsylvania; Rte. 288), PA, USA"
127735,"Pickering (Canada, ON, Canada"
132682,"Caledonia (Village of)), WI, USA"
139348,"Nanaimo (Canada, BC, Canada"
142721,"Sheffield ((UK/England), United Kingdom"
143893,"Springfield/Tallaght (Ireland, Ireland"
144082,"Seymour/Woodbridge line (route 67 coming from off of route 8, CT, USA"
147743,"Atlantic Ocean (departed from Bayonne, NJ)), USA"
156138,"Las Vegas )South Summerlin), NV, USA"
156959,"New Yor City (Jamaica  queens, NY, USA"
157633,"Oklahoma City (SW OKC/ Moore, OK, USA"
158500,"Los Angeles (Watts}, CA, USA"
159116,"Sydney (Australia, Australia"
159459,"UK/England), United Kingdom"
162323,"Rosarito)(Baja)(Mexico), OH, Mexico"
163610,"Lahore (Pakistan)), Pakistan"
164195,"Horsham (UK/England, United Kingdom"
165759,"Bahía Blanca (Buenos  (Argentina), Buenos Aires, Argentina"
166372,"Small town off the I-40 not sure which), OK, USA"
166376,"Eldorado Hills-Placerville (Hwy 50, CA, USA"
166846,"Wattstown Rhondda Valleys, S.Wales, Rhondda Cynon Taf (UK/England, United Kingdom"
172133,"Eddyville, KY. (Land Between the Lakes, LBL, KY, USA"
177321,"Bronx (Whitestone Bridge (driving toward), NY, USA"
178793,"Key West (out on the boat- ""Atlantic Coastal Plain"", FL, USA"
